{"stats":{"minecraft:killed_by":{"minecraft:creeper":1,"promenade:sunken_skeleton":1,"minecells:grenadier":2},"minecraft:picked_up":{"minecraft:wooden_axe":2,"minecraft:iron_chestplate":5,"minecraft:wheat":1,"minecraft:chainmail_boots":1,"minecraft:potion":2,"minecraft:enchanted_book":3,"bloomingnature:fan_palm_log":17,"bountifulfares:grass_seeds":7,"minecraft:string":12,"wilderwild:split_coconut":62,"minecraft:pufferfish":5,"natures_spirit:drowsy_succulent":3,"minecraft:bucket":1,"minecraft:spruce_planks":2,"inmis:plated_backpack":2,"minecraft:bubble_coral":12,"bloomingnature:beach_bush_tall":2,"minecraft:iron_pickaxe":1,"minecraft:furnace":3,"minecraft:iron_boots":2,"minecells:guts":11,"minecraft:stick":16,"wildlife:raw_prawn":4,"minecraft:torch":6,"minecraft:porkchop":2,"minecells:putrid_fence":1,"wildlife:raw_rainbow_trout":10,"minecraft:rotten_flesh":15,"minecraft:tropical_fish":1,"bountifulfares:orange_log":4,"minecells:small_crate":1,"medievalweapons:wooden_long_sword":3,"minecraft:cod":38,"minecraft:snowball":1,"minecraft:cobblestone":136,"minecraft:nautilus_shell":1,"minecraft:birch_log":113,"immersive_armors:bone_helmet":1,"wildlife:raw_clam":6,"minecraft:feather":1,"minecells:crate":1,"minecraft:flint":5,"minecraft:horn_coral":16,"minecraft:dirt":1,"minecraft:leather_boots":2,"wizards:wand_novice":1,"minecraft:bone":45,"minecraft:bow":6,"minecraft:wheat_seeds":63,"wilderwild:yellow_nematocyst":2,"minecraft:sand":16,"minecells:metal_shards":2,"minecraft:dark_oak_log":32,"wilderwild:pink_nematocyst":2,"wildlife:raw_stingray":4,"immersive_armors:bone_boots":1,"minecells:explosive_bulb":2,"convenientdecor:brown_leaf_pile":46,"wilderwild:crab_claw":11,"minecells:bloomrock":7,"minecraft:chainmail_helmet":1,"minecraft:bread":97,"minecraft:emerald":18,"minecraft:oak_sapling":5,"minecraft:fishing_rod":2,"sophisticatedbackpacks:gold_backpack":2,"minecraft:crafting_table":8,"minecraft:brown_mushroom":49,"minecraft:wooden_pickaxe":3,"mcdw:glaive_glaive":1,"minecraft:fire_coral":6,"minecraft:wooden_sword":2,"artifacts:feral_claws":1,"soulsweapons:sting":2,"bloomingnature:begonie":1,"wildlife:raw_shrimp":3,"immersive_armors:wooden_leggings":3,"minecraft:player_head":6,"wildlife:raw_koi":6,"minecraft:birch_sapling":18,"bloomingnature:fan_palm_sprout":1,"bountifulfares:spongekin_slice":4,"minecraft:phantom_membrane":2,"minecraft:dark_oak_sapling":3,"wildlife:raw_bettafish":2,"immersive_armors:bone_chestplate":1,"wizards:wizard_robe_legs":1,"minecraft:bowl":4,"runes:fire_stone":17,"minecells:monsters_eye":1,"wildlife:raw_anglerfish":1,"minecells:arcane_goo":4,"minecraft:note_block":1,"artifacts:vampiric_glove":1,"minecraft:cookie":64,"minecraft:redstone":13,"natures_spirit:fir_sapling":3,"minecraft:dark_oak_planks":35,"minecraft:tnt":6,"wildlife:raw_catfish":13,"bewitchment:garlic":2,"immersive_armors:wooden_helmet":2,"minecraft:arrow":55,"prefabricated:item_swift_blade_stone":1,"minecraft:gold_ingot":2,"wilderwild:datura":4,"minecells:broadsword":2,"handcrafted:oak_dining_bench":3,"wildlife:raw_bluegill":33,"minecraft:tripwire_hook":3,"minecraft:salmon":11,"minecraft:red_mushroom":31,"minecraft:birch_planks":7,"minecraft:mushroom_stew":6,"wildlife:raw_goldfish":1,"minecraft:chainmail_chestplate":1,"minecraft:lily_pad":2,"minecraft:oak_log":15,"surface:farming_witch_recipe":2,"minecraft:gunpowder":71,"bountifulfares:orange_sapling":1,"prefabricated:item_house":2,"wilderwild:bush":1,"minecraft:apple":1,"minecraft:spruce_wood":7,"convenientdecor:leaf_pile":18,"minecraft:cobweb":1,"minecraft:iron_sword":4,"wilderwild:milkweed":1,"minecells:monster_cell":26,"minecells:infected_flesh":13,"enchanted:garlic":2,"bewitchment:belladonna_seeds":1,"convenientdecor:red_leaf_pile":12,"natures_spirit:fir_log":25,"bloomingnature:bottlebrushes":2,"immersive_armors:wooden_chestplate":2,"minecraft:chainmail_leggings":4,"minecraft:baked_potato":84,"minecraft:coal":128,"medievalweapons:stone_rapier":1,"immersive_armors:wooden_boots":2},"minecraft:broken":{"immersive_armors:bone_boots":1,"minecraft:wooden_sword":1,"minecraft:wooden_axe":2,"minecraft:fishing_rod":1,"immersive_armors:bone_helmet":1,"immersive_armors:bone_chestplate":1,"medievalweapons:wooden_long_sword":5,"immersive_armors:wooden_boots":1,"immersive_armors:wooden_helmet":1},"minecraft:killed":{"minecraft:spider":2,"promenade:sunken_skeleton":6,"minecraft:dolphin":1,"minecraft:skeleton":9,"minecells:leaping_zombie":26,"minecells:protector":3,"minecells:grenadier":12,"minecraft:zombie":5,"minecells:shieldbearer":4,"minecells:mutated_bat":1,"minecraft:vindicator":45,"minecells:undead_archer":3,"minecraft:phantom":2,"minecraft:drowned":1,"minecells:runner":3,"wildlife:lark":1,"wilderwild:crab":8,"minecraft:player":1,"bloomingnature:pelican":1},"minecraft:custom":{"minecraft:interact_with_crafting_table":74,"minecraft:open_barrel":49,"minecraft:eat_cake_slice":1,"minecraft:leave_game":4,"minecraft:time_since_death":61680,"minecraft:sprint_one_cm":616997,"minecraft:drop":71,"minecraft:play_noteblock":1,"minecraft:talked_to_villager":8,"minecraft:play_time":505987,"minecraft:deaths":4,"minecraft:jump":2232,"minecraft:walk_on_water_one_cm":37642,"minecraft:interact_with_furnace":71,"minecraft:traded_with_villager":12,"minecraft:sleep_in_bed":8,"minecraft:damage_dealt":29391,"minecraft:player_kills":1,"minecraft:crouch_one_cm":21995,"minecraft:mob_kills":139,"minecraft:inspect_hopper":1,"minecraft:climb_one_cm":28007,"minecraft:walk_one_cm":605829,"minecraft:sneak_time":6327,"minecraft:walk_under_water_one_cm":55637,"minecraft:boat_one_cm":243918,"minecraft:total_world_time":505987,"minecraft:tune_noteblock":1587,"minecraft:time_since_rest":61717,"minecraft:damage_taken":7772,"minecraft:trigger_trapped_chest":7,"minecraft:swim_one_cm":170399,"minecraft:fly_one_cm":499674,"minecraft:open_chest":209,"minecraft:fish_caught":49,"minecraft:fall_one_cm":40673},"minecraft:mined":{"minecraft:blue_carpet":1,"minecells:putrid_fence":2,"minecraft:spruce_planks":2,"minecraft:oak_sapling":1,"minecraft:grass_block":1,"minecraft:spawner":3,"bloomingnature:bottlebrushes":2,"convenientdecor:red_leaf_pile":6,"wilderwild:brown_shelf_fungus":5,"minecraft:player_head":1,"natures_spirit:drowsy_succulent":3,"minecraft:brown_mushroom":9,"minecraft:note_block":1,"minecraft:cobblestone":1,"handcrafted:oak_dining_bench":3,"wilderwild:red_shelf_fungus":3,"minecraft:birch_log":92,"bloomingnature:begonie":1,"minecraft:wheat":1,"minecraft:grass":20,"minecraft:oak_log":15,"minecraft:red_mushroom_block":24,"bountifulfares:orange_log":5,"convenientdecor:brown_leaf_pile":12,"minecraft:dark_oak_log":8,"bountifulfares:hanging_orange":2,"minecraft:large_fern":2,"minecraft:furnace":2,"convenientdecor:leaf_pile":20,"wilderwild:bush":1,"minecells:crate":1,"minecraft:stone":41,"natures_spirit:fir_log":25,"natures_spirit:lush_fern":1,"minecraft:oak_fence":1,"minecraft:crafting_table":7,"minecraft:tall_grass":4,"minecells:small_crate":1,"minecraft:birch_planks":2,"wilderwild:datura":4,"minecraft:birch_leaves":1,"bloomingnature:fan_palm_log":12,"minecraft:coal_ore":1,"natures_spirit:large_lush_fern":29,"wilderwild:milkweed":1,"minecraft:fern":3},"minecraft:used":{"minecraft:chest":12,"wilderwild:cooked_crab_claw":1,"minecraft:player_head":3,"immersive_armors:bone_chestplate":1,"minecraft:birch_pressure_plate":1,"wildlife:cooked_koi":4,"wildlife:cooked_rainbow_trout":7,"minecells:bloomrock_bricks":3,"bloomingnature:beach_bush_tall":2,"minecraft:birch_sapling":14,"minecells:broadsword":44,"prefabricated:item_swift_blade_stone":40,"minecraft:birch_trapdoor":1,"minecraft:bow":82,"minecraft:furnace":2,"minecraft:oak_sapling":4,"minecraft:cooked_cod":19,"minecraft:dark_oak_sapling":3,"wilderwild:split_coconut":2,"minecells:small_crate":1,"minecraft:wooden_pickaxe":47,"bloomingnature:fan_palm_sprout":1,"wilderwild:datura":4,"minecraft:cookie":3,"minecraft:mushroom_stew":21,"wildlife:cooked_shrimp":3,"minecraft:note_block":2,"minecraft:birch_fence":1,"minecraft:dark_oak_log":2,"minecraft:bread":11,"wilderwild:crab_claw":8,"minecraft:wooden_sword":3,"minecraft:birch_log":1,"wildlife:cooked_stingray":2,"wildlife:cooked_catfish":3,"minecraft:spruce_planks":32,"minecraft:cooked_salmon":5,"medievalweapons:stone_long_sword":45,"minecraft:torch":6,"minecraft:hopper":1,"minecraft:wooden_axe":170,"wizards:wizard_robe_legs":1,"handcrafted:oak_dining_bench":3,"wildlife:cooked_bluegill":18,"minecells:crate":1,"minecraft:water_bucket":2,"minecells:putrid_planks":1,"bloomingnature:fan_palm_log":5,"minecraft:birch_planks":12,"minecraft:baked_potato":17,"minecraft:crafting_table":8,"minecraft:cake":1,"minecraft:smoker":1,"bountifulfares:spongekin_slice":8,"bewitchment:belladonna_seeds":1,"wildlife:cooked_clam":5,"minecraft:apple":1,"medievalweapons:stone_rapier":38,"minecells:putrid_fence":1,"immersive_armors:wooden_boots":1,"minecraft:fishing_rod":191,"minecraft:cobblestone":3,"minecraft:cooked_porkchop":1,"medievalweapons:wooden_long_sword":293,"minecraft:bucket":3,"bloomingnature:bottlebrushes":2,"immersive_armors:wooden_leggings":1},"minecraft:crafted":{"minecraft:oak_planks":32,"wildlife:cooked_anglerfish":1,"wildlife:cooked_stingray":2,"basicweapons:wooden_quarterstaff":1,"immersive_armors:wooden_chestplate":2,"mcdw:bow_trickbow":1,"minecraft:cake":3,"minecraft:hopper":1,"wildlife:cooked_clam":5,"minecraft:chest":13,"immersive_armors:wooden_helmet":3,"medievalweapons:stone_rapier":3,"medievalweapons:wooden_long_sword":9,"immersive_armors:bone_chestplate":1,"minecraft:smoker":1,"wildlife:cooked_bluegill":18,"minecraft:cooked_porkchop":2,"minecraft:crafting_table":2,"minecraft:spruce_planks":80,"minecraft:wooden_pickaxe":3,"minecraft:baked_potato":132,"runes:fire_stone":106,"immersive_armors:wooden_leggings":4,"minecraft:birch_pressure_plate":1,"medievalweapons:wooden_small_axe":1,"minecraft:birch_planks":144,"immersive_armors:wooden_boots":2,"minecraft:iron_chestplate":1,"minecraft:birch_fence":3,"minecraft:stick":76,"minecraft:iron_ingot":12,"wildlife:cooked_rainbow_trout":7,"wilderwild:cooked_crab_claw":1,"immersive_armors:bone_boots":1,"wizards:wand_fire":1,"minecraft:wooden_sword":2,"minecraft:fishing_rod":1,"minecells:cell_infused_steel":5,"wildlife:cooked_prawn":3,"minecraft:mushroom_stew":15,"wildlife:cooked_bettafish":2,"mcdw:glaive_glaive":1,"minecraft:dark_oak_planks":28,"wildlife:cooked_koi":4,"medievalweapons:stone_long_sword":1,"minecraft:cooked_cod":19,"mcdw:staff_battlestaff":2,"wildlife:cooked_shrimp":3,"minecraft:cooked_salmon":5,"minecraft:bucket":1,"minecraft:stone_axe":1,"minecraft:bread":54,"minecraft:air":0,"immersive_armors:bone_helmet":1,"minecraft:birch_trapdoor":2,"minecraft:wooden_axe":3,"minecraft:note_block":1,"minecraft:torch":36},"minecraft:dropped":{"minecraft:baked_potato":9,"immersive_armors:wooden_leggings":4,"minecraft:wooden_sword":1,"minecraft:phantom_membrane":1,"immersive_armors:wooden_chestplate":2,"surface:farming_witch_recipe":2,"minecraft:fishing_rod":1,"minecraft:bone":5,"immersive_armors:wooden_boots":1,"wilderwild:milkweed":1,"minecraft:rotten_flesh":11,"wilderwild:crab_claw":1,"minecraft:leather_boots":2,"minecraft:arrow":2,"minecraft:enchanted_book":1,"minecraft:bread":140,"minecraft:wheat_seeds":5,"medievalweapons:wooden_small_axe":1,"minecraft:cobweb":2,"minecraft:torch":4,"artifacts:feral_claws":1,"minecraft:chainmail_leggings":1,"minecraft:paper":13,"minecraft:lily_pad":2,"prefabricated:item_house":1,"minecraft:tripwire_hook":2,"minecraft:redstone":1,"minecraft:bubble_coral":5,"minecraft:bowl":2,"soulsweapons:sting":2,"minecraft:potato":3,"minecraft:stone":2,"minecraft:bamboo":5,"minecraft:bow":3,"medievalweapons:wooden_long_sword":1,"minecraft:wooden_pickaxe":3,"immersive_armors:wooden_helmet":3,"wizards:wizard_robe_head":1}},"DataVersion":3465}