{"stats":{"minecraft:custom":{"minecraft:mob_kills":78,"minecraft:interact_with_crafting_table":13,"minecraft:open_barrel":4,"minecraft:leave_game":2,"minecraft:time_since_death":84679,"minecraft:sleep_in_bed":3,"minecraft:climb_one_cm":2755,"minecraft:time_since_rest":69530,"minecraft:sprint_one_cm":302498,"minecraft:walk_one_cm":258891,"minecraft:damage_taken":1720,"minecraft:drop":54,"minecraft:damage_dealt":7218,"minecraft:swim_one_cm":33933,"minecraft:talked_to_villager":18,"minecraft:fly_one_cm":427087,"minecraft:open_chest":29,"minecraft:crouch_one_cm":1764,"minecraft:play_time":103027,"minecraft:deaths":1,"minecraft:sneak_time":948,"minecraft:walk_under_water_one_cm":6027,"minecraft:boat_one_cm":224238,"minecraft:jump":1922,"minecraft:walk_on_water_one_cm":10835,"minecraft:total_world_time":103027,"minecraft:fall_one_cm":43916},"minecraft:killed":{"bloomingnature:owl":3,"bloomingnature:deer":1,"promenade:duck":3,"bloomingnature:termite":28,"wildlife:cricket":2,"minecraft:spider":7,"bloomingnature:turkey":1,"endermanoverhaul:windswept_hills_enderman":1,"minecraft:creeper":3,"bewitchment:ghost":1,"naturalist:snail":3,"surface:rhino":1,"minecraft:skeleton":6,"minecraft:zombie":11,"bloomingnature:boar":5,"adventurez:orc":2},"minecraft:picked_up":{"wildlife:raw_bluegill":2,"minecraft:mud":2,"minecraft:crafting_table":4,"minecraft:feather":2,"minecraft:lilac":1,"minecraft:chicken":1,"minecraft:salmon":2,"natures_spirit:lotus_flower":4,"minecraft:brown_mushroom":4,"wilderwild:flowering_lily_pad":10,"wildlife:raw_goldfish":7,"minecraft:oak_log":86,"minecraft:lily_pad":27,"surface:rock":3,"minecraft:cornflower":1,"minecraft:gunpowder":4,"bountifulfares:grass_seeds":17,"bewitchment:aconite_seeds":1,"minecraft:dirt":29,"minecraft:string":6,"naturalist:bass":9,"minecraft:bone":3,"minecraft:apple":6,"minecraft:bow":2,"minecraft:wheat_seeds":5,"minecraft:poppy":1,"minecraft:bamboo":10,"wildlife:raw_koi":8,"minecraft:egg":1,"prefabricated:item_swift_blade_wood":4,"minecraft:stick":19,"minecraft:smooth_basalt":1,"promenade:duck":3,"wildlife:raw_prawn":1,"natures_spirit:willow_sapling":1,"minecraft:porkchop":12,"bewitchment:salt":3,"minecraft:white_bed":1,"wildlife:raw_rainbow_trout":1,"minecraft:slime_ball":2,"minecraft:arrow":4,"minecraft:rotten_flesh":9,"enchanted:snowbell_seeds":1,"minecraft:hay_block":28,"minecraft:bread":16,"bewitchment:ectoplasm":1,"enchanted:belladonna_seeds":1,"minecraft:oak_sapling":36,"adventurez:orc_skin":4,"surface:rhino_horn":1},"minecraft:used":{"naturalist:bass":3,"minecraft:beetroot":2,"minecraft:wooden_pickaxe":6,"minecraft:rotten_flesh":2,"natures_spirit:willow_sapling":1,"minecraft:dirt":13,"minecraft:crafting_table":4,"wildlife:raw_prawn":1,"minecraft:carrot":6,"minecraft:mud":1,"minecraft:wooden_axe":89,"minecraft:flower_pot":2,"minecraft:apple":6,"wildlife:raw_koi":1,"prefabricated:item_swift_blade_wood":157,"minecraft:bread":40,"minecraft:smooth_basalt":1,"minecraft:oak_sapling":19,"medievalweapons:wooden_long_sword":59,"minecraft:pumpkin_pie":4,"minecraft:egg":1},"minecraft:broken":{"minecraft:wooden_axe":1,"medievalweapons:wooden_long_sword":1,"prefabricated:item_swift_blade_wood":2},"minecraft:dropped":{"minecraft:bread":29,"enchanted:belladonna_seeds":1,"minecraft:wheat_seeds":4,"minecraft:lilac":1,"minecraft:oak_log":16,"immersive_armors:wooden_boots":1,"minecraft:rotten_flesh":5,"minecraft:book":3,"minecraft:oak_planks":11,"bountifulfares:grass_seeds":8,"minecraft:dirt":16,"wilderwild:flowering_lily_pad":10,"minecraft:emerald":3,"minecraft:stick":12,"minecraft:filled_map":4,"immersive_armors:wooden_leggings":1,"minecraft:oak_sapling":17,"minecraft:bow":1,"minecraft:mud":1,"immersive_armors:wooden_chestplate":1,"minecraft:lily_pad":25,"immersive_armors:wooden_helmet":1,"minecraft:bone":3},"minecraft:mined":{"minecraft:white_bed":1,"bloomingnature:termite_mound":18,"minecraft:crafting_table":4,"bloomingnature:marsh_block":1,"minecraft:grass_block":6,"minecraft:tall_grass":5,"minecraft:hay_block":28,"minecraft:mud":2,"minecraft:grass":14,"minecraft:oak_log":65,"minecraft:vine":1,"surface:rock":1,"minecraft:gravel":1,"minecraft:dirt":8,"bewitchment:deepslate_salt_ore":2,"minecraft:oak_leaves":4,"minecraft:fern":1},"minecraft:crafted":{"minecraft:oak_planks":28,"minecraft:crafting_table":1,"minecraft:wooden_pickaxe":1,"immersive_armors:wooden_leggings":2,"minecraft:bread":52,"immersive_armors:wooden_chestplate":2,"immersive_armors:wooden_boots":2,"minecraft:wooden_axe":2,"immersive_armors:wooden_helmet":2,"medievalweapons:wooden_long_sword":1,"minecraft:wheat":144}},"DataVersion":3465}