{"stats":{"minecraft:custom":{"minecraft:mob_kills":79,"minecraft:interact_with_crafting_table":52,"minecraft:open_barrel":40,"minecraft:eat_cake_slice":1,"minecraft:leave_game":2,"minecraft:time_since_death":68583,"minecraft:climb_one_cm":16174,"minecraft:sprint_one_cm":352219,"minecraft:walk_one_cm":382557,"minecraft:drop":54,"minecraft:talked_to_villager":8,"minecraft:play_time":363088,"minecraft:sneak_time":5882,"minecraft:deaths":2,"minecraft:walk_under_water_one_cm":54384,"minecraft:boat_one_cm":243918,"minecraft:jump":1396,"minecraft:walk_on_water_one_cm":33788,"minecraft:total_world_time":363088,"minecraft:interact_with_furnace":57,"minecraft:traded_with_villager":12,"minecraft:sleep_in_bed":6,"minecraft:time_since_rest":68614,"minecraft:damage_taken":3587,"minecraft:trigger_trapped_chest":6,"minecraft:damage_dealt":18749,"minecraft:swim_one_cm":160695,"minecraft:fly_one_cm":303006,"minecraft:player_kills":1,"minecraft:open_chest":89,"minecraft:crouch_one_cm":19719,"minecraft:fish_caught":32,"minecraft:fall_one_cm":20637},"minecraft:killed":{"minecraft:spider":2,"minecraft:vindicator":40,"promenade:sunken_skeleton":6,"minecraft:dolphin":1,"minecraft:phantom":1,"minecraft:skeleton":9,"minecraft:drowned":1,"wildlife:lark":1,"minecraft:zombie":5,"wilderwild:crab":7,"minecraft:player":1,"bloomingnature:pelican":1},"minecraft:broken":{"medievalweapons:wooden_long_sword":5,"immersive_armors:wooden_boots":1,"immersive_armors:wooden_helmet":1,"minecraft:wooden_sword":1,"minecraft:wooden_axe":2,"minecraft:fishing_rod":1},"minecraft:used":{"wildlife:cooked_stingray":2,"minecraft:chest":10,"minecraft:spruce_planks":31,"wilderwild:cooked_crab_claw":1,"minecraft:cooked_salmon":3,"minecraft:player_head":2,"immersive_armors:bone_chestplate":1,"minecraft:torch":2,"minecraft:wooden_axe":168,"bloomingnature:beach_bush_tall":2,"minecraft:birch_sapling":14,"minecraft:bow":80,"handcrafted:oak_dining_bench":3,"minecraft:oak_sapling":4,"minecraft:furnace":2,"minecraft:cooked_cod":1,"wildlife:cooked_bluegill":18,"minecraft:dark_oak_sapling":3,"bloomingnature:fan_palm_log":5,"minecraft:birch_planks":12,"minecraft:baked_potato":7,"wilderwild:split_coconut":2,"bloomingnature:fan_palm_sprout":1,"minecraft:wooden_pickaxe":7,"wilderwild:datura":4,"minecraft:cookie":3,"minecraft:crafting_table":6,"minecraft:mushroom_stew":21,"minecraft:cake":1,"minecraft:smoker":1,"bountifulfares:spongekin_slice":8,"bewitchment:belladonna_seeds":1,"minecraft:apple":1,"minecraft:dark_oak_log":2,"minecraft:bread":11,"wilderwild:crab_claw":8,"immersive_armors:wooden_boots":1,"minecraft:fishing_rod":130,"minecraft:wooden_sword":3,"minecraft:cooked_porkchop":1,"minecraft:bucket":1,"medievalweapons:wooden_long_sword":286,"minecraft:birch_log":1,"bloomingnature:bottlebrushes":2,"immersive_armors:wooden_leggings":1},"minecraft:crafted":{"minecraft:wooden_sword":2,"minecraft:oak_planks":32,"minecraft:fishing_rod":1,"wildlife:cooked_anglerfish":1,"wildlife:cooked_stingray":2,"basicweapons:wooden_quarterstaff":1,"wildlife:cooked_prawn":3,"minecraft:mushroom_stew":15,"immersive_armors:wooden_chestplate":2,"wildlife:cooked_bettafish":2,"minecraft:cake":3,"wildlife:cooked_clam":5,"minecraft:chest":10,"mcdw:glaive_glaive":1,"immersive_armors:wooden_helmet":3,"minecraft:dark_oak_planks":28,"medievalweapons:wooden_long_sword":9,"wildlife:cooked_koi":4,"minecraft:smoker":1,"immersive_armors:bone_chestplate":1,"minecraft:cooked_cod":19,"wildlife:cooked_bluegill":18,"mcdw:staff_battlestaff":2,"minecraft:cooked_porkchop":2,"minecraft:crafting_table":1,"minecraft:spruce_planks":80,"minecraft:wooden_pickaxe":2,"minecraft:baked_potato":9,"runes:fire_stone":106,"immersive_armors:wooden_leggings":4,"wildlife:cooked_shrimp":3,"medievalweapons:wooden_small_axe":1,"minecraft:cooked_salmon":5,"minecraft:birch_planks":144,"minecraft:bread":54,"minecraft:air":0,"immersive_armors:wooden_boots":2,"minecraft:iron_chestplate":1,"immersive_armors:bone_helmet":1,"minecraft:stick":36,"minecraft:wooden_axe":3,"wildlife:cooked_rainbow_trout":7,"wilderwild:cooked_crab_claw":1,"immersive_armors:bone_boots":1},"minecraft:mined":{"minecraft:blue_carpet":1,"minecraft:spruce_planks":1,"minecraft:oak_sapling":1,"bountifulfares:orange_log":5,"convenientdecor:brown_leaf_pile":12,"minecraft:dark_oak_log":8,"minecraft:grass_block":1,"bountifulfares:hanging_orange":2,"minecraft:spawner":3,"minecraft:large_fern":2,"minecraft:furnace":2,"convenientdecor:red_leaf_pile":6,"bloomingnature:bottlebrushes":2,"convenientdecor:leaf_pile":20,"wilderwild:bush":1,"minecraft:stone":1,"wilderwild:brown_shelf_fungus":5,"natures_spirit:drowsy_succulent":3,"minecraft:player_head":1,"natures_spirit:fir_log":25,"minecraft:brown_mushroom":9,"natures_spirit:lush_fern":1,"minecraft:oak_fence":1,"minecraft:crafting_table":5,"minecraft:tall_grass":4,"handcrafted:oak_dining_bench":3,"minecraft:birch_planks":2,"wilderwild:red_shelf_fungus":3,"wilderwild:datura":4,"minecraft:birch_log":92,"bloomingnature:begonie":1,"minecraft:wheat":1,"minecraft:grass":20,"bloomingnature:fan_palm_log":12,"minecraft:coal_ore":1,"minecraft:oak_log":15,"natures_spirit:large_lush_fern":29,"wilderwild:milkweed":1,"minecraft:red_mushroom_block":24,"minecraft:fern":3},"minecraft:killed_by":{"minecraft:creeper":1,"promenade:sunken_skeleton":1},"minecraft:picked_up":{"minecraft:wooden_axe":2,"sophisticatedbackpacks:gold_backpack":1,"minecraft:fishing_rod":2,"minecraft:iron_chestplate":5,"minecraft:crafting_table":6,"minecraft:wheat":1,"minecraft:brown_mushroom":49,"minecraft:wooden_pickaxe":2,"minecraft:potion":1,"minecraft:enchanted_book":2,"mcdw:glaive_glaive":1,"bloomingnature:fan_palm_log":17,"minecraft:fire_coral":6,"bountifulfares:grass_seeds":5,"minecraft:string":2,"wilderwild:split_coconut":62,"minecraft:wooden_sword":2,"bloomingnature:begonie":1,"minecraft:pufferfish":3,"wildlife:raw_shrimp":3,"natures_spirit:drowsy_succulent":3,"minecraft:bucket":1,"minecraft:spruce_planks":2,"inmis:plated_backpack":2,"bloomingnature:beach_bush_tall":2,"immersive_armors:wooden_leggings":3,"minecraft:bubble_coral":12,"minecraft:player_head":5,"bountifulfares:spongekin_slice":4,"minecraft:birch_sapling":18,"bloomingnature:fan_palm_sprout":1,"wildlife:raw_koi":5,"minecraft:phantom_membrane":2,"minecraft:iron_boots":2,"minecraft:furnace":3,"minecraft:dark_oak_sapling":3,"wildlife:raw_bettafish":2,"minecraft:stick":16,"immersive_armors:bone_chestplate":1,"minecraft:torch":6,"minecraft:bowl":2,"wildlife:raw_prawn":4,"wildlife:raw_anglerfish":1,"minecraft:porkchop":2,"minecraft:cookie":64,"natures_spirit:fir_sapling":3,"minecraft:dark_oak_planks":15,"wildlife:raw_rainbow_trout":8,"minecraft:tnt":6,"wildlife:raw_catfish":7,"bewitchment:garlic":1,"immersive_armors:wooden_helmet":2,"minecraft:arrow":51,"minecraft:rotten_flesh":6,"minecraft:tropical_fish":1,"bountifulfares:orange_log":4,"medievalweapons:wooden_long_sword":2,"wilderwild:datura":4,"minecraft:cod":28,"minecraft:snowball":1,"handcrafted:oak_dining_bench":3,"minecraft:cobblestone":63,"wildlife:raw_bluegill":25,"minecraft:nautilus_shell":1,"minecraft:birch_log":113,"immersive_armors:bone_helmet":1,"wildlife:raw_clam":6,"minecraft:feather":1,"minecraft:tripwire_hook":2,"minecraft:salmon":7,"minecraft:red_mushroom":31,"minecraft:birch_planks":7,"minecraft:mushroom_stew":6,"minecraft:flint":5,"minecraft:oak_log":15,"minecraft:lily_pad":1,"surface:farming_witch_recipe":2,"prefabricated:item_house":2,"minecraft:gunpowder":64,"bountifulfares:orange_sapling":1,"minecraft:horn_coral":16,"minecraft:dirt":1,"minecraft:bone":45,"wilderwild:bush":1,"minecraft:apple":1,"minecraft:bow":4,"minecraft:wheat_seeds":62,"minecraft:spruce_wood":7,"wilderwild:yellow_nematocyst":2,"convenientdecor:leaf_pile":18,"minecraft:iron_sword":4,"wilderwild:milkweed":1,"enchanted:garlic":2,"bewitchment:belladonna_seeds":1,"minecraft:sand":16,"convenientdecor:red_leaf_pile":12,"minecraft:dark_oak_log":32,"wilderwild:pink_nematocyst":2,"bloomingnature:bottlebrushes":2,"wildlife:raw_stingray":3,"natures_spirit:fir_log":25,"immersive_armors:bone_boots":1,"minecraft:chainmail_leggings":2,"convenientdecor:brown_leaf_pile":46,"immersive_armors:wooden_chestplate":2,"wilderwild:crab_claw":11,"minecraft:emerald":17,"minecraft:bread":33,"minecraft:baked_potato":20,"minecraft:oak_sapling":5,"immersive_armors:wooden_boots":2,"minecraft:coal":128},"minecraft:dropped":{"minecraft:enchanted_book":1,"minecraft:bread":76,"minecraft:wheat_seeds":5,"minecraft:baked_potato":9,"medievalweapons:wooden_small_axe":1,"minecraft:cobweb":1,"minecraft:torch":4,"immersive_armors:wooden_leggings":4,"minecraft:wooden_sword":1,"minecraft:phantom_membrane":1,"immersive_armors:wooden_chestplate":2,"minecraft:tripwire_hook":1,"surface:farming_witch_recipe":2,"minecraft:paper":13,"prefabricated:item_house":1,"minecraft:fishing_rod":1,"minecraft:lily_pad":1,"minecraft:redstone":1,"minecraft:bone":5,"minecraft:bubble_coral":5,"immersive_armors:wooden_boots":1,"wilderwild:milkweed":1,"minecraft:rotten_flesh":6,"wilderwild:crab_claw":1,"minecraft:potato":3,"minecraft:stone":2,"minecraft:bamboo":5,"minecraft:arrow":2,"minecraft:bow":3,"minecraft:wooden_pickaxe":1,"immersive_armors:wooden_helmet":3,"wizards:wizard_robe_head":1}},"DataVersion":3465}