{"stats":{"minecraft:custom":{"minecraft:mob_kills":96,"minecraft:interact_with_crafting_table":51,"minecraft:open_barrel":46,"minecraft:eat_cake_slice":1,"minecraft:leave_game":5,"minecraft:time_since_death":38919,"minecraft:climb_one_cm":23520,"minecraft:sprint_one_cm":404716,"minecraft:walk_one_cm":328814,"minecraft:drop":91,"minecraft:talked_to_villager":23,"minecraft:play_time":234725,"minecraft:deaths":13,"minecraft:sneak_time":17046,"minecraft:walk_under_water_one_cm":59118,"minecraft:boat_one_cm":38948,"minecraft:jump":3471,"minecraft:walk_on_water_one_cm":59963,"minecraft:total_world_time":234725,"minecraft:interact_with_furnace":17,"minecraft:traded_with_villager":32,"minecraft:sleep_in_bed":3,"minecraft:time_since_rest":38946,"minecraft:damage_taken":7535,"minecraft:trigger_trapped_chest":8,"minecraft:damage_dealt":15441,"minecraft:swim_one_cm":215629,"minecraft:fly_one_cm":644052,"minecraft:open_chest":44,"minecraft:crouch_one_cm":57378,"minecraft:inspect_dispenser":3,"minecraft:fall_one_cm":66768},"minecraft:killed":{"minecraft:spider":2,"minecraft:vindicator":66,"naturalist:boar":1,"minecraft:skeleton":3,"minecraft:guardian":1,"bloomingnature:boar":2,"minecraft:creeper":3,"minecraft:zombie":12,"wilderwild:crab":4,"bloomingnature:pelican":1},"minecraft:broken":{"minecraft:stone_pickaxe":2,"minecraft:wooden_sword":1,"minecraft:wooden_axe":3},"minecraft:used":{"minecraft:spruce_planks":38,"wilderwild:cooked_crab_claw":1,"minecraft:player_head":1,"minecraft:rotten_flesh":14,"minecraft:torch":14,"immersive_armors:warrior_helmet":3,"minecraft:dark_oak_planks":34,"minecraft:wooden_axe":220,"minecraft:lantern":2,"minecraft:dark_oak_slab":20,"immersive_armors:wooden_chestplate":4,"handcrafted:oak_dining_bench":1,"minecraft:furnace":4,"minecraft:oak_sapling":1,"immersive_armors:wooden_helmet":1,"minecraft:dark_oak_sapling":24,"minecraft:wheat_seeds":37,"bloomingnature:fan_palm_planks":8,"minecraft:dark_oak_stairs":2,"minecraft:stone_pickaxe":342,"minecraft:wooden_pickaxe":23,"minecraft:composter":1,"convenientdecor:leaf_pile":3,"minecraft:dark_oak_trapdoor":11,"minecraft:orange_carpet":2,"minecraft:crafting_table":11,"minecraft:mushroom_stew":21,"minecraft:apple":3,"minecraft:dark_oak_log":2,"minecraft:bread":44,"minecraft:melon_slice":5,"wilderwild:crab_claw":2,"minecraft:blue_carpet":24,"immersive_armors:wooden_boots":2,"minecraft:wooden_sword":93,"convenientdecor:red_leaf_pile":6,"minecraft:cobblestone":98,"minecraft:cooked_porkchop":3,"immersive_armors:wooden_leggings":5},"minecraft:crafted":{"minecraft:wooden_sword":2,"minecraft:furnace":4,"minecraft:dark_oak_trapdoor":10,"minecraft:mushroom_stew":27,"immersive_armors:wooden_chestplate":2,"minecraft:stone_pickaxe":4,"minecraft:dark_oak_planks":116,"minecraft:crafting_table":3,"minecraft:wooden_pickaxe":3,"immersive_armors:wooden_leggings":2,"minecraft:bowl":4,"minecraft:copper_ingot":59,"bloomingnature:fan_palm_planks":16,"minecraft:birch_planks":16,"minecraft:bread":204,"minecraft:air":0,"immersive_armors:wooden_boots":2,"minecraft:dark_oak_slab":24,"minecraft:shield":1,"minecraft:stick":28,"minecraft:wooden_axe":6,"minecraft:composter":1,"minecraft:torch":8,"mcdw:sword_iron_sword_var":1},"minecraft:mined":{"minecraft:blue_carpet":18,"minecraft:spruce_planks":41,"minecraft:oak_sapling":1,"convenientdecor:brown_leaf_pile":10,"minecraft:dark_oak_log":104,"minecraft:spruce_trapdoor":1,"minecraft:birch_slab":2,"minecraft:large_fern":1,"minecraft:dark_oak_trapdoor":1,"convenientdecor:red_leaf_pile":4,"convenientdecor:leaf_pile":13,"minecraft:barrel":4,"wilderwild:pollen":1,"minecraft:dark_oak_stairs":3,"minecraft:iron_bars":2,"minecraft:lantern":1,"minecraft:stone":148,"minecraft:brown_mushroom":16,"promenade:blunite":10,"minecraft:crafting_table":8,"minecraft:torch":5,"minecraft:melon":3,"betterarcheology:creeper_fossil_head":1,"minecraft:copper_ore":38,"minecraft:mushroom_stem":4,"minecraft:tall_grass":13,"minecraft:cobblestone":2,"handcrafted:oak_dining_bench":1,"minecraft:wall_torch":2,"minecraft:orange_carpet":6,"minecraft:spruce_stairs":4,"wilderwild:red_shelf_fungus":1,"minecraft:dark_oak_slab":2,"minecraft:birch_log":15,"minecraft:wheat":37,"minecraft:birch_trapdoor":1,"minecraft:grass":8,"bloomingnature:fan_palm_log":2,"minecraft:oak_log":18,"minecraft:coal_ore":161,"minecraft:dark_oak_sapling":3,"minecraft:gray_carpet":2,"minecraft:red_mushroom_block":33,"minecraft:fern":3,"minecraft:dark_oak_planks":17},"minecraft:killed_by":{"minecraft:player":1,"minecraft:spider":1,"minecraft:drowned":3,"minecraft:vindicator":6,"minecraft:skeleton":2},"minecraft:picked_up":{"minecraft:wooden_axe":6,"minecraft:charcoal":3,"minecraft:crafting_table":18,"minecraft:wheat":42,"minecraft:prismarine_shard":1,"minecraft:brown_mushroom":77,"minecraft:wooden_pickaxe":1,"minecraft:enchanted_book":1,"bloomingnature:fan_palm_log":4,"promenade:blunite":10,"minecraft:shield":5,"bountifulfares:grass_seeds":17,"minecraft:raw_copper":142,"minecraft:dark_oak_trapdoor":1,"minecraft:string":8,"wilderwild:split_coconut":2,"minecraft:wooden_sword":3,"minecraft:flint_and_steel":6,"minecraft:bucket":12,"minecraft:spruce_planks":51,"inmis:plated_backpack":8,"immersive_armors:wooden_leggings":11,"minecraft:player_head":12,"minecraft:melon_slice":15,"minecraft:birch_sapling":4,"minecraft:spruce_trapdoor":2,"minecraft:phantom_membrane":1,"minecraft:dark_oak_sapling":39,"minecraft:stick":64,"minecraft:birch_trapdoor":3,"minecraft:torch":16,"minecraft:bowl":9,"minecraft:spruce_stairs":9,"minecraft:porkchop":7,"minecraft:blue_carpet":34,"minecraft:dark_oak_planks":58,"immersive_armors:wooden_helmet":6,"minecraft:arrow":6,"minecraft:rotten_flesh":16,"minecraft:cobblestone":174,"handcrafted:oak_dining_bench":1,"minecraft:birch_log":20,"minecraft:feather":6,"minecraft:birch_slab":4,"minecraft:water_bucket":5,"minecraft:orange_carpet":6,"minecraft:red_mushroom":66,"minecraft:mushroom_stew":5,"minecraft:flint":64,"minecraft:oak_log":17,"minecraft:gunpowder":250,"prefabricated:item_house":7,"bewitchment:aconite_seeds":2,"minecraft:dirt":5,"minecraft:lantern":5,"wizards:wand_novice":1,"minecraft:bone":15,"minecraft:apple":3,"minecraft:gray_carpet":7,"minecraft:bow":11,"minecraft:wheat_seeds":210,"bewitchment:mandrake_seeds":1,"minecraft:iron_ingot":66,"minecraft:stone_pickaxe":3,"convenientdecor:leaf_pile":56,"minecraft:stone_hoe":1,"minecraft:iron_sword":16,"minecraft:dark_oak_stairs":7,"minecraft:book":32,"minecraft:dark_oak_slab":3,"minecraft:cooked_porkchop":17,"bewitchment:belladonna_seeds":1,"minecraft:sand":61,"convenientdecor:red_leaf_pile":10,"minecraft:ink_sac":3,"minecraft:dark_oak_log":410,"minecraft:spider_eye":1,"minecraft:barrel":7,"immersive_armors:warrior_helmet":7,"minecraft:stone_axe":1,"mcdw:sword_iron_sword_var":6,"immersive_armors:wooden_chestplate":12,"convenientdecor:brown_leaf_pile":24,"wilderwild:crab_claw":4,"minecraft:bread":491,"minecraft:emerald":65,"minecraft:oak_sapling":2,"sophisticatedbackpacks:gold_backpack":1,"wilderwild:cooked_crab_claw":1,"immersive_armors:wooden_boots":12,"minecraft:coal":175,"minecraft:fishing_rod":3},"minecraft:dropped":{"minecraft:water_bucket":1,"minecraft:stone_hoe":1,"minecraft:enchanted_book":1,"minecraft:bread":128,"minecraft:iron_sword":1,"minecraft:porkchop":5,"minecraft:brown_mushroom":13,"minecraft:dark_oak_stairs":1,"minecraft:wheat_seeds":67,"minecraft:feather":2,"convenientdecor:leaf_pile":10,"bountifulfares:grass_seeds":17,"wilderwild:split_coconut":2,"minecraft:spruce_stairs":6,"minecraft:birch_slab":2,"minecraft:mushroom_stew":4,"minecraft:red_mushroom":4,"minecraft:emerald":6,"bewitchment:aconite_seeds":2,"inmis:plated_backpack":1,"minecraft:dark_oak_log":1,"minecraft:orange_carpet":2,"immersive_armors:wooden_leggings":2,"minecraft:wooden_axe":1,"minecraft:melon_slice":10,"minecraft:wooden_sword":1,"immersive_armors:wooden_chestplate":1,"minecraft:dark_oak_planks":3,"minecraft:birch_log":1,"minecraft:bucket":2,"minecraft:gray_carpet":3,"bewitchment:belladonna_seeds":1,"minecraft:bone":9,"minecraft:stone_axe":1,"minecraft:player_head":4,"minecraft:birch_sapling":4,"minecraft:wheat":1,"immersive_armors:wooden_boots":1,"wilderwild:crab_claw":2,"bewitchment:mandrake_seeds":1,"minecraft:birch_trapdoor":2,"promenade:blunite":10,"minecraft:oak_sapling":1,"minecraft:barrel":3,"minecraft:stone_pickaxe":1,"minecraft:wooden_pickaxe":1,"immersive_armors:wooden_helmet":1}},"DataVersion":3465}