{"stats":{"minecraft:killed_by":{"minecraft:ravager":1,"minecraft:drowned":3,"minecraft:vindicator":6,"minecells:grenadier":3,"minecraft:vex":1,"minecraft:husk":1,"minecraft:player":3,"minecraft:spider":1,"minecells:leaping_zombie":2,"minecraft:skeleton":2,"minecells:runner":1},"minecraft:picked_up":{"minecraft:wooden_axe":7,"minecraft:iron_chestplate":1,"minecraft:wheat":42,"minecraft:chainmail_boots":3,"minecraft:prismarine_shard":1,"soulsweapons:moonstone":2,"minecraft:enchanted_book":4,"bloomingnature:fan_palm_log":4,"bountifulfares:grass_seeds":20,"minecraft:dark_oak_trapdoor":1,"minecraft:string":37,"wilderwild:split_coconut":2,"minecraft:raw_copper":265,"minecraft:iron_leggings":2,"minecraft:gold_nugget":4,"minecraft:cobbled_deepslate":5,"minecraft:bucket":13,"minecraft:spruce_planks":51,"inmis:plated_backpack":14,"minecraft:bubble_coral":30,"minecraft:iron_pickaxe":3,"minecraft:melon_slice":15,"minecells:transposition_core":1,"minecraft:iron_boots":1,"minecraft:furnace":12,"minecells:guts":42,"minecraft:stick":92,"minecraft:birch_trapdoor":3,"minecraft:torch":310,"minecraft:spruce_stairs":9,"minecraft:porkchop":7,"minecells:putrid_log":5,"minecells:promenade_dimensional_rune":3,"minecraft:rotten_flesh":95,"natures_spirit:cobbled_travertine":6,"mcdw:axe_axe":1,"enchanted:belladonna_seeds":2,"natures_spirit:pink_sandstone":4,"minecraft:cobblestone":316,"minecraft:nautilus_shell":1,"minecraft:birch_log":20,"immersive_armors:bone_helmet":4,"minecraft:feather":6,"minecraft:birch_slab":4,"minecraft:water_bucket":14,"minecraft:orange_carpet":8,"minecells:crate":2,"minecraft:potato":95,"minecraft:flint":64,"minecraft:horn_coral":42,"mcdw:glaive_cackling_broom":3,"minecraft:dirt":6,"minecraft:lantern":5,"wizards:wand_novice":5,"minecraft:bone":118,"minecraft:bow":15,"minecraft:wheat_seeds":210,"minecraft:raw_gold":11,"minecraft:glowstone_dust":6,"minecraft:stone_hoe":1,"friendsandfoes:totem_of_freezing":3,"minecraft:cooked_porkchop":17,"patchouli:guide_book":1,"natures_spirit:pink_sand":16,"minecraft:sand":61,"minecraft:ink_sac":6,"minecells:metal_shards":2,"minecraft:dark_oak_log":944,"minecraft:barrel":7,"minecraft:orange_wool":1,"immersive_armors:warrior_helmet":7,"immersive_armors:bone_boots":5,"minecraft:sugar":2,"minecells:explosive_bulb":8,"minecraft:diamond":1,"convenientdecor:brown_leaf_pile":24,"mcdw:sword_iron_sword_var":7,"minecraft:blue_ice":1,"minecraft:crossbow":8,"wilderwild:crab_claw":4,"minecraft:chainmail_helmet":5,"minecells:bloomrock":3,"soulsweapons:verglas":4,"minecraft:bread":853,"minecraft:emerald":131,"minecraft:rooted_dirt":1,"minecraft:oak_sapling":2,"prefabricated:item_swift_blade_iron":2,"wilderwild:cooked_crab_claw":1,"sophisticatedbackpacks:gold_backpack":13,"minecraft:fishing_rod":3,"minecells:putrid_sapling":2,"minecraft:charcoal":3,"minecraft:crafting_table":24,"minecraft:brown_mushroom":77,"friendsandfoes:totem_of_illusion":3,"minecraft:wooden_pickaxe":4,"wildlife:raw_mantaray":1,"minecraft:chain":1,"promenade:blunite":10,"minecraft:shield":17,"minecells:bloomrock_tiles":8,"minecraft:fire_coral":35,"minecraft:iron_axe":4,"minecraft:wooden_sword":3,"minecraft:flint_and_steel":6,"minecraft:item_frame":4,"soulsweapons:sting":20,"immersive_armors:wooden_leggings":17,"minecraft:player_head":13,"minecraft:iron_nugget":15,"minecraft:sugar_cane":20,"minecraft:birch_sapling":4,"minecraft:spruce_trapdoor":2,"minecraft:phantom_membrane":1,"minecraft:dark_oak_sapling":48,"minecraft:raw_iron":37,"minecells:bloomrock_bricks":10,"immersive_armors:bone_chestplate":4,"minecraft:copper_ingot":93,"minecraft:bowl":9,"runes:fire_stone":256,"minecells:monsters_eye":13,"artifacts:vampiric_glove":1,"minecells:arcane_goo":1,"minecells:flag_pole":2,"minecraft:carrot":2,"minecraft:blue_carpet":34,"minecraft:dark_oak_planks":96,"immersive_armors:wooden_helmet":12,"minecraft:arrow":1003,"minecraft:saddle":4,"minecraft:totem_of_undying":3,"minecraft:gold_ingot":3,"minecells:broadsword":2,"enchanted:belladonna_flower":3,"basicweapons:iron_quarterstaff":1,"minecraft:skeleton_skull":1,"handcrafted:oak_dining_bench":1,"immersive_armors:bone_leggings":4,"minecraft:golden_carrot":19,"minecraft:glow_ink_sac":3,"minecraft:red_mushroom":66,"minecraft:mushroom_stew":5,"minecraft:oak_log":17,"minecraft:chainmail_chestplate":4,"minecraft:gunpowder":268,"prefabricated:item_house":7,"bewitchment:aconite_seeds":2,"minecraft:paper":27,"minecraft:white_banner":9,"minecells:health_flask":1,"minecells:putrid_planks":15,"minecraft:apple":3,"minecraft:gray_carpet":8,"minecraft:cobweb":12,"minecells:prison_torch":1,"bewitchment:mandrake_seeds":1,"minecraft:iron_ingot":86,"minecraft:stone_pickaxe":10,"convenientdecor:leaf_pile":56,"minecraft:glass_bottle":3,"minecraft:iron_sword":21,"minecraft:dark_oak_stairs":8,"minecraft:book":34,"endrem:witch_pupil":1,"minecraft:dark_oak_slab":4,"minecells:monster_cell":62,"minecells:infected_flesh":21,"bewitchment:belladonna_seeds":1,"bewitchment:salt":90,"convenientdecor:red_leaf_pile":10,"minecraft:blast_furnace":2,"minecraft:spider_eye":2,"minecells:multiple_nocks_bow":9,"convenientdecor:watering_can":1,"minecells:red_putrid_sapling":10,"minecraft:slime_ball":1,"minecraft:chainmail_leggings":3,"minecraft:stone_axe":1,"immersive_armors:wooden_chestplate":19,"minecraft:iron_helmet":2,"minecraft:painting":17,"surface:mandrake":3,"minecraft:baked_potato":116,"minecraft:ender_pearl":1,"mcdw:bow_trickbow":2,"medievalweapons:stone_rapier":3,"minecraft:coal":548,"immersive_armors:wooden_boots":18,"handcrafted:lime_cushion":4},"minecraft:broken":{"minecraft:stone_pickaxe":3,"minecraft:wooden_sword":1,"minecraft:wooden_axe":4,"immersive_armors:wooden_helmet":1},"minecraft:killed":{"minecraft:spider":5,"promenade:sunken_skeleton":40,"naturalist:boar":1,"minecraft:skeleton":6,"minecraft:guardian":1,"bloomingnature:boar":2,"minecells:leaping_zombie":34,"minecells:grenadier":15,"minecraft:zombie_villager":1,"minecraft:creeper":3,"minecraft:pillager":9,"minecraft:zombie":20,"minecells:shieldbearer":7,"wildlife:mantaray":1,"minecells:mutated_bat":4,"minecraft:vindicator":92,"minecells:undead_archer":7,"minecraft:slime":1,"minecraft:drowned":2,"friendsandfoes:iceologer":2,"minecraft:husk":18,"wilderwild:crab":5,"bloomingnature:pelican":1},"minecraft:custom":{"minecraft:interact_with_crafting_table":75,"minecraft:open_barrel":65,"minecraft:bell_ring":1,"minecraft:eat_cake_slice":1,"minecraft:leave_game":6,"minecraft:time_since_death":20139,"minecraft:sprint_one_cm":1045613,"minecraft:drop":171,"minecraft:talked_to_villager":36,"minecraft:play_time":471568,"minecraft:deaths":24,"minecraft:jump":8117,"minecraft:walk_on_water_one_cm":129279,"minecraft:interact_with_furnace":67,"minecraft:traded_with_villager":57,"minecraft:sleep_in_bed":7,"minecraft:damage_dealt":50430,"minecraft:crouch_one_cm":86387,"minecraft:inspect_dispenser":3,"minecraft:mob_kills":281,"minecraft:climb_one_cm":55122,"minecraft:walk_one_cm":684930,"minecraft:raid_win":1,"minecraft:sneak_time":28251,"minecraft:walk_under_water_one_cm":174496,"minecraft:boat_one_cm":185597,"minecraft:total_world_time":471568,"minecraft:raid_trigger":1,"minecraft:time_since_rest":20210,"minecraft:damage_taken":19177,"minecraft:trigger_trapped_chest":8,"minecraft:swim_one_cm":478770,"minecraft:fly_one_cm":1546161,"minecraft:open_chest":230,"minecraft:fall_one_cm":182170},"minecraft:mined":{"minecraft:dark_oak_planks":19,"minecraft:blue_carpet":18,"minecraft:spruce_planks":41,"minecraft:oak_sapling":1,"minecraft:orange_wool":1,"minecraft:brewing_stand":1,"minecells:putrid_log":5,"minecraft:spruce_trapdoor":1,"minecraft:grass_block":1,"minecraft:dark_oak_trapdoor":1,"convenientdecor:red_leaf_pile":4,"minecraft:iron_ore":20,"minecraft:barrel":4,"minecraft:dark_oak_stairs":4,"minecells:prison_torch":1,"minecraft:cave_vines":1,"minecraft:iron_bars":2,"convenientdecor:watering_can":1,"minecraft:brown_mushroom":16,"enchanted:belladonna":1,"minecraft:torch":5,"handcrafted:lime_cushion":4,"minecraft:blast_furnace":2,"minecraft:melon":3,"betterarcheology:creeper_fossil_head":1,"minecraft:mushroom_stem":4,"natures_spirit:travertine":6,"minecraft:cobblestone":4,"handcrafted:oak_dining_bench":1,"minecraft:sugar_cane":5,"minecraft:wall_torch":5,"wilderwild:red_shelf_fungus":1,"minecraft:dark_oak_slab":3,"minecraft:birch_log":15,"minecraft:wheat":37,"minecraft:birch_trapdoor":1,"minecraft:grass":11,"minecraft:oak_log":18,"natures_spirit:cypress_leaves":2,"minecraft:dark_oak_sapling":3,"minecraft:red_mushroom_block":33,"minecells:bloomrock_wilted_grass_block":2,"minecraft:deepslate":5,"soulsweapons:verglas_ore":2,"natures_spirit:chert_coal_ore":1,"convenientdecor:brown_leaf_pile":10,"minecraft:dark_oak_log":286,"minecraft:birch_slab":2,"minecraft:rooted_dirt":1,"minecraft:large_fern":2,"minecraft:furnace":12,"convenientdecor:leaf_pile":13,"wilderwild:pollen":2,"minecells:crate":2,"soulsweapons:moonstone_ore_deepslate":2,"minecraft:potatoes":28,"minecraft:deepslate_iron_ore":17,"minecraft:vine":5,"bewitchment:salt_ore":29,"minecraft:lantern":1,"minecraft:stone":274,"promenade:blunite":10,"minecraft:crafting_table":11,"handcrafted:oak_fancy_bed":1,"minecraft:tall_grass":14,"minecraft:copper_ore":73,"minecraft:deepslate_coal_ore":5,"minecells:alchemy_equipment_0":1,"minecraft:deepslate_gold_ore":10,"minecraft:orange_carpet":8,"minecraft:spruce_stairs":4,"minecraft:birch_leaves":3,"bloomingnature:fan_palm_log":2,"minecraft:coal_ore":250,"minecraft:gray_carpet":3,"minecraft:cobweb":1,"minecraft:chipped_anvil":1,"minecraft:fern":3},"minecraft:used":{"minecraft:chest":4,"wilderwild:cooked_crab_claw":1,"enchanted:belladonna_seeds":1,"minecraft:player_head":2,"minecraft:rotten_flesh":17,"immersive_armors:bone_chestplate":1,"minecraft:orange_wool":1,"wildlife:raw_mantaray":1,"minecraft:lantern":2,"minecraft:dark_oak_slab":23,"immersive_armors:wooden_chestplate":8,"minecraft:furnace":14,"minecraft:oak_sapling":1,"minecraft:skeleton_skull":1,"minecraft:potato":28,"immersive_armors:wooden_helmet":5,"minecraft:dark_oak_sapling":24,"bloomingnature:fan_palm_planks":8,"minecraft:dark_oak_stairs":3,"minecraft:stone_pickaxe":541,"minecraft:gray_carpet":1,"immersive_armors:bone_helmet":1,"minecraft:chainmail_helmet":1,"minecraft:wooden_pickaxe":23,"minecraft:composter":1,"convenientdecor:leaf_pile":3,"minecraft:dark_oak_trapdoor":11,"minecraft:mushroom_stew":21,"minecraft:blast_furnace":2,"natures_spirit:pink_sand":16,"minecraft:dark_oak_log":2,"minecraft:melon_slice":5,"minecraft:bread":179,"wilderwild:crab_claw":2,"minecells:bloomrock":1,"minecraft:wooden_sword":93,"minecraft:chainmail_boots":1,"immersive_armors:bone_leggings":1,"natures_spirit:cobbled_travertine":6,"soulsweapons:sting":529,"immersive_armors:bone_boots":2,"natures_spirit:pink_sandstone":2,"minecraft:spruce_planks":38,"minecraft:torch":140,"minecraft:chainmail_chestplate":2,"immersive_armors:warrior_helmet":3,"mcdw:bow_trickbow":2,"minecraft:dark_oak_planks":96,"minecraft:wooden_axe":405,"minecraft:rooted_dirt":1,"minecraft:golden_carrot":7,"handcrafted:oak_dining_bench":1,"minecells:crate":2,"minecraft:wheat_seeds":37,"minecraft:water_bucket":11,"minecells:putrid_planks":11,"minecraft:orange_carpet":4,"minecraft:crafting_table":14,"minecraft:painting":17,"minecraft:apple":3,"minecraft:iron_pickaxe":170,"minecraft:blue_carpet":24,"immersive_armors:wooden_boots":5,"minecells:prison_torch":1,"minecraft:cobblestone":148,"minecraft:white_banner":6,"convenientdecor:red_leaf_pile":6,"minecraft:cooked_porkchop":3,"minecraft:bucket":11,"handcrafted:lime_cushion":4,"immersive_armors:wooden_leggings":6,"minecraft:chainmail_leggings":1},"minecraft:crafted":{"minecells:putrid_planks":20,"immersive_armors:wooden_chestplate":4,"minecraft:chest":4,"immersive_armors:wooden_helmet":2,"medievalweapons:stone_rapier":1,"immersive_armors:bone_chestplate":1,"immersive_armors:bone_leggings":2,"minecraft:crafting_table":4,"mcdw:axe_axe":1,"minecraft:wooden_pickaxe":3,"immersive_armors:wooden_leggings":4,"minecraft:copper_ingot":173,"bloomingnature:fan_palm_planks":16,"minecraft:birch_planks":16,"immersive_armors:wooden_boots":4,"minecraft:dark_oak_slab":30,"minecraft:shield":3,"minecraft:stick":60,"minecraft:iron_ingot":51,"minecraft:iron_pickaxe":1,"minecraft:gold_ingot":21,"minecraft:composter":1,"immersive_armors:bone_boots":2,"mcdw:sword_iron_sword_var":4,"minecraft:golden_carrot":66,"minecraft:wooden_sword":2,"minecraft:furnace":4,"minecraft:dark_oak_trapdoor":10,"minecraft:mushroom_stew":27,"minecraft:stone_pickaxe":5,"minecraft:dark_oak_planks":268,"minecraft:crossbow":2,"minecraft:bowl":4,"minecraft:bread":222,"minecraft:air":0,"immersive_armors:bone_helmet":1,"minecraft:wooden_axe":11,"minecraft:torch":156},"minecraft:dropped":{"minecraft:iron_sword":1,"minecraft:dark_oak_stairs":1,"minecraft:brown_mushroom":13,"minecraft:porkchop":5,"wizards:staff_wizard":1,"minecraft:glass_bottle":1,"minecraft:crossbow":3,"minecraft:dark_oak_slab":4,"medievalweapons:stone_rapier":2,"minecraft:birch_slab":2,"artifacts:vampiric_glove":1,"minecraft:red_mushroom":4,"minecraft:emerald":6,"bewitchment:aconite_seeds":2,"minecells:broadsword":2,"minecraft:dirt":1,"minecraft:dark_oak_log":1,"minecraft:orange_carpet":2,"immersive_armors:wooden_leggings":4,"minecells:throwing_knife":17,"minecraft:horn_coral":3,"minecraft:chain":2,"minecraft:wooden_sword":1,"minecraft:sugar":2,"immersive_armors:wooden_chestplate":3,"msmlegacy:relic_key_blade":1,"minecraft:dark_oak_planks":3,"minecraft:birch_log":1,"wizards:wizard_robe_feet":1,"bewitchment:belladonna_seeds":1,"minecraft:bone":9,"minecraft:stone_axe":1,"minecraft:birch_sapling":4,"minecraft:wheat":1,"immersive_armors:wooden_boots":3,"minecraft:rotten_flesh":2,"minecraft:glowstone_dust":2,"immersive_armors:bone_boots":2,"wizards:wand_novice":1,"minecraft:chainmail_chestplate":1,"wilderwild:crab_claw":2,"minecraft:gunpowder":2,"minecraft:birch_trapdoor":2,"promenade:blunite":10,"minecraft:chainmail_boots":1,"minecraft:enchanted_book":1,"minecraft:stone_hoe":1,"minecraft:water_bucket":2,"minecraft:bread":128,"enchanted:belladonna_flower":3,"minecraft:wheat_seeds":67,"endrem:witch_pupil":1,"minecraft:iron_helmet":1,"minecraft:feather":2,"convenientdecor:leaf_pile":10,"prefabricated:item_swift_blade_iron":2,"bountifulfares:grass_seeds":20,"minecraft:copper_ingot":1,"wilderwild:split_coconut":2,"minecraft:spruce_stairs":6,"minecraft:chainmail_helmet":1,"minecraft:mushroom_stew":4,"minecraft:stick":1,"inmis:plated_backpack":1,"immersive_armors:bone_leggings":3,"minecraft:ink_sac":3,"minecraft:torch":32,"minecraft:wooden_axe":2,"minecraft:melon_slice":10,"minecraft:iron_leggings":1,"minecraft:chainmail_leggings":1,"minecraft:bucket":2,"minecraft:gray_carpet":3,"enchanted:belladonna_seeds":1,"runes:fire_stone":128,"friendsandfoes:totem_of_freezing":1,"immersive_armors:bone_chestplate":2,"minecraft:player_head":4,"minecells:flag_pole":1,"minecraft:totem_of_undying":1,"minecells:monster_cell":1,"bewitchment:mandrake_seeds":1,"basicweapons:iron_quarterstaff":1,"minecraft:blue_ice":1,"minecraft:fire_coral":3,"immersive_armors:bone_helmet":2,"minecraft:oak_sapling":1,"minecraft:barrel":3,"minecraft:spider_eye":1,"minecraft:stone_pickaxe":3,"minecraft:wooden_pickaxe":2,"immersive_armors:wooden_helmet":1}},"DataVersion":3465}