{"stats":{"minecraft:custom":{"minecraft:mob_kills":108,"minecraft:interact_with_crafting_table":18,"minecraft:open_barrel":7,"minecraft:interact_with_campfire":20,"minecraft:leave_game":3,"minecraft:time_since_death":9117,"minecraft:climb_one_cm":9714,"minecraft:sprint_one_cm":177643,"minecraft:walk_one_cm":166528,"minecraft:drop":54,"minecraft:talked_to_villager":7,"minecraft:play_time":84998,"minecraft:deaths":1,"minecraft:sneak_time":1954,"minecraft:walk_under_water_one_cm":12443,"minecraft:boat_one_cm":171663,"minecraft:jump":1989,"minecraft:walk_on_water_one_cm":27651,"minecraft:total_world_time":84998,"minecraft:interact_with_furnace":12,"minecraft:sleep_in_bed":1,"minecraft:time_since_rest":9158,"minecraft:damage_taken":2405,"minecraft:damage_dealt":13103,"minecraft:swim_one_cm":53074,"minecraft:fly_one_cm":393141,"minecraft:open_chest":15,"minecraft:crouch_one_cm":4649,"minecraft:fall_one_cm":56444},"minecraft:killed":{"promenade:duck":1,"wildlife:python":1,"minecraft:spider":5,"bewitchment:ghost":1,"naturalist:boar":1,"minecraft:skeleton":18,"naturalist:bass":5,"wildlife:koi":2,"minecraft:drowned":1,"bloomingnature:boar":2,"adventurez:orc":1,"bloomingnature:termite":29,"naturalist:firefly":1,"minecraft:salmon":5,"minecraft:creeper":11,"minecraft:squid":4,"surface:rhino":1,"minecraft:sheep":5,"minecraft:zombie":13,"minecraft:enderman":1},"minecraft:picked_up":{"minecraft:charcoal":2,"minecraft:crafting_table":5,"minecraft:azure_bluet":1,"surface:rock":12,"bountifulfares:grass_seeds":28,"minecraft:cornflower":1,"minecraft:string":4,"minecraft:cooked_salmon":5,"minecraft:beef":4,"minecraft:poppy":1,"minecraft:sugar_cane":43,"minecraft:birch_sapling":1,"wildlife:raw_koi":2,"minecraft:furnace":2,"minecraft:stick":81,"minecraft:porkchop":8,"bountifulfares:apple_log":5,"bewitchment:garlic":4,"minecraft:arrow":25,"minecraft:rotten_flesh":29,"minecraft:golden_hoe":1,"minecraft:hay_block":16,"enchanted:mandrake_seeds":3,"minecraft:mangrove_roots":2,"enchanted:belladonna_seeds":2,"minecraft:mutton":6,"minecraft:white_wool":3,"minecraft:cobblestone":32,"minecraft:cooked_beef":4,"minecraft:feather":2,"minecraft:lilac":2,"minecraft:salmon":5,"minecraft:oak_log":181,"minecraft:gunpowder":17,"bewitchment:aconite_seeds":1,"minecraft:dirt":3,"naturalist:glow_goop":1,"minecraft:cooked_mutton":5,"naturalist:bass":5,"minecraft:bone":23,"bloomingnature:foxglove_white":2,"minecraft:apple":15,"bountifulfares:apple_sapling":3,"minecraft:bow":3,"minecraft:wheat_seeds":18,"bewitchment:mandrake_seeds":1,"bloomingnature:chestnut_sapling":1,"minecraft:bamboo":24,"minecraft:oak_planks":4,"minecraft:book":3,"wilderwild:milkweed":1,"prefabricated:item_swift_blade_wood":9,"enchanted:wolfsbane_seeds":3,"minecraft:cooked_porkchop":3,"promenade:duck":1,"enchanted:garlic":2,"minecraft:sand":2,"bewitchment:belladonna_seeds":1,"bewitchment:salt":14,"bloomingnature:goatsbeard":1,"minecraft:ink_sac":4,"naturalist:cooked_bass":3,"minecraft:spider_eye":1,"enchanted:snowbell_seeds":3,"minecraft:gray_wool":1,"minecraft:emerald":3,"bewitchment:ectoplasm":2,"minecraft:oak_sapling":118,"minecraft:black_wool":1,"minecraft:chorus_fruit":1,"minecraft:coal":10,"surface:rhino_horn":1},"minecraft:used":{"minecraft:cooked_salmon":5,"minecraft:rotten_flesh":3,"naturalist:cooked_bass":3,"minecraft:wooden_axe":188,"wildlife:raw_koi":2,"minecraft:birch_sapling":1,"minecraft:furnace":2,"bountifulfares:grass_seeds":1,"minecraft:cooked_beef":4,"bewitchment:garlic":4,"minecraft:cooked_mutton":5,"minecraft:wooden_pickaxe":51,"minecraft:crafting_table":8,"bountifulfares:apple_sapling":1,"promenade:cooked_duck":1,"minecraft:cornflower":1,"minecraft:apple":7,"prefabricated:item_swift_blade_wood":419,"minecraft:bread":7,"minecraft:lilac":1,"minecraft:wooden_sword":7,"minecraft:cooked_porkchop":3,"minecraft:gray_wool":1},"minecraft:broken":{"prefabricated:item_swift_blade_wood":5,"minecraft:wooden_axe":2},"minecraft:dropped":{"minecraft:wheat_seeds":5,"bloomingnature:foxglove_white":2,"enchanted:wolfsbane_seeds":3,"minecraft:oak_log":4,"minecraft:lilac":1,"surface:rhino_horn":1,"minecraft:feather":2,"surface:rock":12,"bountifulfares:grass_seeds":14,"naturalist:glow_goop":1,"minecraft:stick":8,"minecraft:dirt":3,"minecraft:ink_sac":4,"bloomingnature:chestnut_sapling":1,"minecraft:wooden_axe":1,"minecraft:wooden_sword":1,"minecraft:sand":2,"enchanted:mandrake_seeds":3,"minecraft:mangrove_roots":2,"wilderwild:milkweed":1,"prefabricated:item_swift_blade_wood":2,"minecraft:azure_bluet":1,"bewitchment:mandrake_seeds":1,"bewitchment:ectoplasm":2,"minecraft:oak_sapling":54,"enchanted:garlic":2,"minecraft:bow":1,"bountifulfares:apple_log":5,"minecraft:black_wool":1},"minecraft:killed_by":{"minecraft:creeper":1},"minecraft:mined":{"bloomingnature:termite_mound":20,"natures_spirit:tall_oat_grass":11,"bountifulfares:hanging_apple":5,"minecraft:mangrove_roots":2,"minecraft:large_fern":3,"minecraft:hay_block":16,"minecraft:furnace":2,"minecraft:fire":14,"bewitchment:salt_ore":8,"minecraft:stone":29,"minecraft:crafting_table":5,"minecraft:cornflower":1,"minecraft:poppy":1,"bloomingnature:foxglove_white":2,"minecraft:tall_grass":36,"minecraft:sugar_cane":19,"bloomingnature:goatsbeard":1,"natures_spirit:oat_grass":2,"bountifulfares:apple_log":5,"minecraft:lilac":2,"minecraft:birch_leaves":1,"minecraft:grass":44,"minecraft:coal_ore":10,"minecraft:oak_log":172,"minecraft:sand":2,"minecraft:dirt":2,"wilderwild:milkweed":1,"minecraft:oak_leaves":5},"minecraft:crafted":{"minecraft:wooden_sword":1,"prefabricated:item_swift_blade_wood":1,"minecraft:oak_planks":36,"minecraft:furnace":2,"immersive_armors:wooden_chestplate":1,"minecraft:bow":1,"immersive_armors:wooden_helmet":1,"minecraft:crafting_table":4,"minecraft:wooden_pickaxe":1,"immersive_armors:wooden_leggings":1,"promenade:cooked_duck":1,"minecraft:air":0,"immersive_armors:wooden_boots":1,"minecraft:charcoal":9,"minecraft:stick":4,"minecraft:wooden_axe":3}},"DataVersion":3465}