{"stats":{"minecraft:custom":{"minecraft:mob_kills":98,"minecraft:interact_with_crafting_table":51,"minecraft:open_barrel":48,"minecraft:eat_cake_slice":1,"minecraft:leave_game":5,"minecraft:time_since_death":50919,"minecraft:climb_one_cm":26315,"minecraft:sprint_one_cm":415196,"minecraft:walk_one_cm":350675,"minecraft:drop":91,"minecraft:talked_to_villager":23,"minecraft:play_time":246725,"minecraft:deaths":13,"minecraft:sneak_time":18598,"minecraft:walk_under_water_one_cm":59311,"minecraft:boat_one_cm":38948,"minecraft:jump":3667,"minecraft:walk_on_water_one_cm":61773,"minecraft:total_world_time":246725,"minecraft:interact_with_furnace":29,"minecraft:traded_with_villager":32,"minecraft:sleep_in_bed":3,"minecraft:time_since_rest":50946,"minecraft:damage_taken":7700,"minecraft:trigger_trapped_chest":8,"minecraft:damage_dealt":15712,"minecraft:swim_one_cm":216311,"minecraft:fly_one_cm":658681,"minecraft:open_chest":46,"minecraft:crouch_one_cm":60461,"minecraft:inspect_dispenser":3,"minecraft:fall_one_cm":71836},"minecraft:killed":{"minecraft:spider":2,"minecraft:vindicator":66,"naturalist:boar":1,"minecraft:skeleton":3,"minecraft:guardian":1,"bloomingnature:boar":2,"minecraft:creeper":3,"minecraft:zombie":14,"wilderwild:crab":4,"bloomingnature:pelican":1},"minecraft:broken":{"minecraft:stone_pickaxe":3,"minecraft:wooden_sword":1,"minecraft:wooden_axe":3},"minecraft:used":{"minecraft:spruce_planks":38,"wilderwild:cooked_crab_claw":1,"minecraft:player_head":1,"minecraft:rotten_flesh":15,"minecraft:torch":15,"immersive_armors:warrior_helmet":3,"minecraft:dark_oak_planks":34,"minecraft:wooden_axe":220,"minecraft:lantern":2,"minecraft:dark_oak_slab":20,"immersive_armors:wooden_chestplate":4,"handcrafted:oak_dining_bench":1,"minecraft:furnace":4,"minecraft:oak_sapling":1,"immersive_armors:wooden_helmet":1,"minecraft:dark_oak_sapling":24,"minecraft:wheat_seeds":37,"bloomingnature:fan_palm_planks":8,"minecraft:dark_oak_stairs":2,"minecraft:stone_pickaxe":438,"minecraft:wooden_pickaxe":23,"minecraft:composter":1,"convenientdecor:leaf_pile":3,"minecraft:dark_oak_trapdoor":11,"minecraft:orange_carpet":2,"minecraft:crafting_table":11,"minecraft:mushroom_stew":21,"minecraft:apple":3,"minecraft:dark_oak_log":2,"minecraft:bread":45,"minecraft:melon_slice":5,"wilderwild:crab_claw":2,"minecraft:blue_carpet":24,"immersive_armors:wooden_boots":2,"minecraft:wooden_sword":93,"convenientdecor:red_leaf_pile":6,"minecraft:cobblestone":111,"minecraft:cooked_porkchop":3,"immersive_armors:wooden_leggings":5},"minecraft:crafted":{"minecraft:wooden_sword":2,"minecraft:furnace":4,"minecraft:dark_oak_trapdoor":10,"minecraft:mushroom_stew":27,"immersive_armors:wooden_chestplate":2,"minecraft:stone_pickaxe":4,"minecraft:dark_oak_planks":116,"minecraft:crafting_table":3,"minecraft:wooden_pickaxe":3,"immersive_armors:wooden_leggings":2,"minecraft:bowl":4,"minecraft:copper_ingot":142,"bloomingnature:fan_palm_planks":16,"minecraft:birch_planks":16,"minecraft:bread":204,"minecraft:air":0,"immersive_armors:wooden_boots":2,"minecraft:dark_oak_slab":24,"minecraft:shield":1,"minecraft:stick":28,"minecraft:iron_ingot":7,"minecraft:wooden_axe":6,"minecraft:gold_ingot":5,"minecraft:composter":1,"minecraft:torch":8,"mcdw:sword_iron_sword_var":1},"minecraft:mined":{"minecraft:blue_carpet":18,"minecraft:spruce_planks":41,"minecraft:oak_sapling":1,"convenientdecor:brown_leaf_pile":10,"minecraft:dark_oak_log":104,"minecraft:spruce_trapdoor":1,"minecraft:birch_slab":2,"minecraft:large_fern":1,"minecraft:furnace":4,"minecraft:dark_oak_trapdoor":1,"convenientdecor:red_leaf_pile":4,"convenientdecor:leaf_pile":13,"minecraft:barrel":4,"wilderwild:pollen":1,"minecraft:dark_oak_stairs":3,"minecraft:cave_vines":1,"minecraft:iron_bars":2,"minecraft:lantern":1,"minecraft:stone":206,"minecraft:brown_mushroom":16,"promenade:blunite":10,"minecraft:crafting_table":9,"minecraft:torch":5,"minecraft:blast_furnace":1,"minecraft:melon":3,"betterarcheology:creeper_fossil_head":1,"minecraft:copper_ore":60,"minecraft:mushroom_stem":4,"minecraft:tall_grass":13,"minecraft:cobblestone":2,"minecraft:deepslate_coal_ore":1,"handcrafted:oak_dining_bench":1,"minecraft:wall_torch":3,"minecraft:orange_carpet":6,"minecraft:spruce_stairs":4,"wilderwild:red_shelf_fungus":1,"minecraft:dark_oak_slab":2,"minecraft:birch_log":15,"minecraft:wheat":37,"minecraft:birch_trapdoor":1,"minecraft:grass":8,"bloomingnature:fan_palm_log":2,"minecraft:oak_log":18,"minecraft:coal_ore":168,"minecraft:dark_oak_sapling":3,"minecraft:gray_carpet":2,"minecraft:red_mushroom_block":33,"minecraft:chipped_anvil":1,"minecraft:fern":3,"minecraft:dark_oak_planks":17},"minecraft:killed_by":{"minecraft:player":1,"minecraft:spider":1,"minecraft:drowned":3,"minecraft:vindicator":6,"minecraft:skeleton":2},"minecraft:picked_up":{"minecraft:wooden_axe":6,"minecraft:charcoal":3,"minecraft:crafting_table":19,"minecraft:wheat":42,"minecraft:prismarine_shard":1,"minecraft:brown_mushroom":77,"minecraft:wooden_pickaxe":1,"minecraft:enchanted_book":1,"bloomingnature:fan_palm_log":4,"promenade:blunite":10,"minecraft:shield":5,"bountifulfares:grass_seeds":17,"minecraft:raw_copper":221,"minecraft:dark_oak_trapdoor":1,"minecraft:string":8,"wilderwild:split_coconut":2,"minecraft:wooden_sword":3,"minecraft:flint_and_steel":6,"minecraft:bucket":12,"minecraft:spruce_planks":51,"inmis:plated_backpack":8,"immersive_armors:wooden_leggings":11,"minecraft:player_head":12,"minecraft:melon_slice":15,"minecraft:birch_sapling":4,"minecraft:spruce_trapdoor":2,"minecraft:phantom_membrane":1,"minecraft:furnace":4,"minecraft:dark_oak_sapling":39,"minecraft:stick":64,"minecraft:birch_trapdoor":3,"minecraft:torch":17,"minecraft:bowl":9,"minecraft:spruce_stairs":9,"minecraft:porkchop":7,"minecraft:carrot":1,"minecraft:blue_carpet":34,"minecraft:dark_oak_planks":58,"immersive_armors:wooden_helmet":6,"minecraft:arrow":6,"minecraft:rotten_flesh":18,"minecraft:cobblestone":232,"handcrafted:oak_dining_bench":1,"minecraft:birch_log":20,"minecraft:feather":6,"minecraft:glow_ink_sac":3,"minecraft:birch_slab":4,"minecraft:water_bucket":5,"minecraft:orange_carpet":6,"minecraft:red_mushroom":66,"minecraft:mushroom_stew":5,"minecraft:flint":64,"minecraft:oak_log":17,"minecraft:gunpowder":250,"prefabricated:item_house":7,"bewitchment:aconite_seeds":2,"minecraft:dirt":5,"minecraft:lantern":5,"wizards:wand_novice":1,"minecraft:bone":15,"minecraft:apple":3,"minecraft:gray_carpet":7,"minecraft:bow":11,"minecraft:wheat_seeds":210,"bewitchment:mandrake_seeds":1,"minecraft:iron_ingot":66,"minecraft:stone_pickaxe":3,"convenientdecor:leaf_pile":56,"minecraft:stone_hoe":1,"minecraft:iron_sword":16,"minecraft:dark_oak_stairs":7,"minecraft:book":32,"minecraft:dark_oak_slab":3,"minecraft:cooked_porkchop":17,"bewitchment:belladonna_seeds":1,"minecraft:sand":61,"convenientdecor:red_leaf_pile":10,"minecraft:blast_furnace":1,"minecraft:ink_sac":3,"minecraft:dark_oak_log":410,"minecraft:spider_eye":1,"minecraft:barrel":7,"immersive_armors:warrior_helmet":7,"minecraft:stone_axe":1,"mcdw:sword_iron_sword_var":6,"immersive_armors:wooden_chestplate":12,"convenientdecor:brown_leaf_pile":24,"wilderwild:crab_claw":4,"minecraft:bread":491,"minecraft:emerald":65,"minecraft:oak_sapling":2,"sophisticatedbackpacks:gold_backpack":1,"wilderwild:cooked_crab_claw":1,"immersive_armors:wooden_boots":12,"minecraft:coal":335,"minecraft:fishing_rod":3},"minecraft:dropped":{"minecraft:water_bucket":1,"minecraft:stone_hoe":1,"minecraft:enchanted_book":1,"minecraft:bread":128,"minecraft:iron_sword":1,"minecraft:porkchop":5,"minecraft:brown_mushroom":13,"minecraft:dark_oak_stairs":1,"minecraft:wheat_seeds":67,"minecraft:feather":2,"convenientdecor:leaf_pile":10,"bountifulfares:grass_seeds":17,"wilderwild:split_coconut":2,"minecraft:spruce_stairs":6,"minecraft:birch_slab":2,"minecraft:mushroom_stew":4,"minecraft:red_mushroom":4,"minecraft:emerald":6,"bewitchment:aconite_seeds":2,"inmis:plated_backpack":1,"minecraft:dark_oak_log":1,"minecraft:orange_carpet":2,"immersive_armors:wooden_leggings":2,"minecraft:wooden_axe":1,"minecraft:melon_slice":10,"minecraft:wooden_sword":1,"immersive_armors:wooden_chestplate":1,"minecraft:dark_oak_planks":3,"minecraft:birch_log":1,"minecraft:bucket":2,"minecraft:gray_carpet":3,"bewitchment:belladonna_seeds":1,"minecraft:bone":9,"minecraft:stone_axe":1,"minecraft:player_head":4,"minecraft:birch_sapling":4,"minecraft:wheat":1,"immersive_armors:wooden_boots":1,"wilderwild:crab_claw":2,"bewitchment:mandrake_seeds":1,"minecraft:birch_trapdoor":2,"promenade:blunite":10,"minecraft:oak_sapling":1,"minecraft:barrel":3,"minecraft:stone_pickaxe":1,"minecraft:wooden_pickaxe":1,"immersive_armors:wooden_helmet":1}},"DataVersion":3465}