{"stats":{"minecraft:custom":{"minecraft:mob_kills":180,"minecraft:interact_with_crafting_table":62,"minecraft:open_barrel":48,"minecraft:eat_cake_slice":1,"minecraft:leave_game":5,"minecraft:time_since_death":1827,"minecraft:climb_one_cm":39441,"minecraft:sprint_one_cm":755618,"minecraft:walk_one_cm":518404,"minecraft:drop":106,"minecraft:talked_to_villager":27,"minecraft:play_time":336725,"minecraft:deaths":20,"minecraft:sneak_time":21611,"minecraft:walk_under_water_one_cm":62915,"minecraft:boat_one_cm":38948,"minecraft:jump":5469,"minecraft:walk_on_water_one_cm":62952,"minecraft:total_world_time":336725,"minecraft:interact_with_furnace":41,"minecraft:traded_with_villager":34,"minecraft:sleep_in_bed":5,"minecraft:time_since_rest":1862,"minecraft:damage_taken":13215,"minecraft:trigger_trapped_chest":8,"minecraft:damage_dealt":31401,"minecraft:swim_one_cm":224911,"minecraft:fly_one_cm":1020603,"minecraft:open_chest":178,"minecraft:crouch_one_cm":70222,"minecraft:inspect_dispenser":3,"minecraft:fall_one_cm":105366},"minecraft:killed":{"minecells:mutated_bat":4,"minecraft:spider":2,"minecraft:vindicator":79,"minecells:undead_archer":7,"naturalist:boar":1,"minecraft:skeleton":3,"minecraft:guardian":1,"minecells:leaping_zombie":34,"bloomingnature:boar":2,"minecells:grenadier":15,"minecraft:zombie_villager":1,"minecraft:creeper":3,"minecraft:zombie":14,"minecells:shieldbearer":7,"wilderwild:crab":4,"bloomingnature:pelican":1},"minecraft:broken":{"minecraft:stone_pickaxe":3,"immersive_armors:wooden_helmet":1,"minecraft:wooden_sword":1,"minecraft:wooden_axe":4},"minecraft:used":{"minecraft:spruce_planks":38,"wilderwild:cooked_crab_claw":1,"minecraft:player_head":2,"minecraft:rotten_flesh":15,"minecraft:torch":19,"immersive_armors:warrior_helmet":3,"minecraft:dark_oak_planks":40,"minecraft:wooden_axe":405,"minecraft:lantern":2,"minecraft:dark_oak_slab":20,"immersive_armors:wooden_chestplate":8,"minecraft:golden_carrot":5,"handcrafted:oak_dining_bench":1,"minecraft:furnace":8,"minecraft:oak_sapling":1,"minecraft:skeleton_skull":1,"minecells:crate":2,"immersive_armors:wooden_helmet":5,"minecraft:dark_oak_sapling":24,"minecraft:wheat_seeds":37,"bloomingnature:fan_palm_planks":8,"minecraft:dark_oak_stairs":2,"minecraft:water_bucket":5,"minecells:putrid_planks":11,"minecraft:stone_pickaxe":520,"minecraft:wooden_pickaxe":23,"minecraft:composter":1,"convenientdecor:leaf_pile":3,"minecraft:dark_oak_trapdoor":11,"minecraft:orange_carpet":2,"minecraft:blast_furnace":2,"minecraft:crafting_table":12,"minecraft:mushroom_stew":21,"minecraft:apple":3,"minecraft:dark_oak_log":2,"minecraft:bread":98,"minecraft:melon_slice":5,"wilderwild:crab_claw":2,"minecells:bloomrock":1,"minecraft:blue_carpet":24,"immersive_armors:wooden_boots":5,"minecells:prison_torch":1,"minecraft:wooden_sword":93,"convenientdecor:red_leaf_pile":6,"minecraft:cobblestone":132,"minecraft:cooked_porkchop":3,"minecraft:bucket":5,"soulsweapons:sting":214,"immersive_armors:wooden_leggings":6},"minecraft:crafted":{"minecraft:wooden_sword":2,"minecraft:furnace":4,"minecraft:dark_oak_trapdoor":10,"minecraft:mushroom_stew":27,"minecells:putrid_planks":20,"immersive_armors:wooden_chestplate":4,"minecraft:stone_pickaxe":5,"immersive_armors:wooden_helmet":2,"medievalweapons:stone_rapier":1,"minecraft:dark_oak_planks":156,"minecraft:crafting_table":4,"minecraft:wooden_pickaxe":3,"immersive_armors:wooden_leggings":4,"minecraft:bowl":4,"minecraft:copper_ingot":173,"bloomingnature:fan_palm_planks":16,"minecraft:birch_planks":16,"minecraft:bread":204,"minecraft:air":0,"immersive_armors:wooden_boots":4,"minecraft:dark_oak_slab":24,"minecraft:shield":3,"minecraft:stick":28,"minecraft:iron_ingot":7,"minecraft:wooden_axe":11,"minecraft:gold_ingot":5,"minecraft:composter":1,"minecraft:torch":8,"minecraft:golden_carrot":6,"mcdw:sword_iron_sword_var":4},"minecraft:mined":{"minecraft:blue_carpet":18,"minecraft:spruce_planks":41,"minecraft:oak_sapling":1,"convenientdecor:brown_leaf_pile":10,"minecraft:dark_oak_log":286,"minecells:putrid_log":5,"minecraft:spruce_trapdoor":1,"minecraft:birch_slab":2,"minecraft:large_fern":2,"minecraft:furnace":8,"minecraft:dark_oak_trapdoor":1,"convenientdecor:red_leaf_pile":4,"convenientdecor:leaf_pile":13,"minecraft:barrel":4,"wilderwild:pollen":1,"minecells:crate":2,"minecraft:dark_oak_stairs":3,"minecells:prison_torch":1,"minecraft:cave_vines":1,"minecraft:iron_bars":2,"minecraft:lantern":1,"minecraft:stone":242,"minecraft:brown_mushroom":16,"promenade:blunite":10,"minecraft:crafting_table":10,"minecraft:torch":5,"minecraft:blast_furnace":2,"minecraft:melon":3,"betterarcheology:creeper_fossil_head":1,"minecraft:copper_ore":73,"minecraft:mushroom_stem":4,"minecraft:tall_grass":13,"minecraft:cobblestone":2,"minecraft:deepslate_coal_ore":1,"minecells:alchemy_equipment_0":1,"handcrafted:oak_dining_bench":1,"minecraft:wall_torch":5,"minecraft:orange_carpet":6,"minecraft:spruce_stairs":4,"wilderwild:red_shelf_fungus":1,"minecraft:dark_oak_slab":2,"minecraft:birch_log":15,"minecraft:wheat":37,"minecraft:birch_trapdoor":1,"minecraft:grass":8,"bloomingnature:fan_palm_log":2,"minecraft:oak_log":18,"minecraft:coal_ore":196,"minecraft:dark_oak_sapling":3,"minecraft:gray_carpet":2,"minecraft:cobweb":1,"minecells:bloomrock_wilted_grass_block":2,"minecraft:red_mushroom_block":33,"minecraft:chipped_anvil":1,"minecraft:fern":3,"minecraft:dark_oak_planks":17},"minecraft:killed_by":{"minecraft:player":2,"minecraft:spider":1,"minecells:leaping_zombie":2,"minecraft:drowned":3,"minecraft:vindicator":6,"minecraft:skeleton":2,"minecells:grenadier":3,"minecells:runner":1},"minecraft:picked_up":{"minecraft:wooden_axe":7,"minecraft:charcoal":3,"minecraft:crafting_table":23,"minecraft:wheat":42,"minecraft:prismarine_shard":1,"minecraft:brown_mushroom":77,"minecraft:wooden_pickaxe":1,"minecraft:enchanted_book":3,"minecraft:chain":1,"minecells:bloomrock_tiles":8,"bloomingnature:fan_palm_log":4,"promenade:blunite":10,"minecraft:shield":13,"bountifulfares:grass_seeds":17,"minecraft:raw_copper":265,"minecraft:dark_oak_trapdoor":1,"minecraft:string":35,"wilderwild:split_coconut":2,"minecraft:wooden_sword":3,"minecraft:flint_and_steel":6,"soulsweapons:sting":13,"minecraft:gold_nugget":4,"minecraft:bucket":12,"minecraft:spruce_planks":51,"inmis:plated_backpack":12,"immersive_armors:wooden_leggings":17,"minecraft:player_head":13,"minecraft:iron_nugget":15,"minecells:transposition_core":1,"minecraft:melon_slice":15,"minecraft:birch_sapling":4,"minecraft:spruce_trapdoor":2,"minecraft:phantom_membrane":1,"minecraft:furnace":8,"minecells:guts":42,"minecraft:dark_oak_sapling":48,"minecraft:stick":92,"minecells:bloomrock_bricks":10,"minecraft:copper_ingot":92,"minecraft:birch_trapdoor":3,"runes:fire_stone":256,"minecraft:torch":214,"minecraft:bowl":9,"minecells:monsters_eye":13,"minecraft:spruce_stairs":9,"minecraft:porkchop":7,"minecells:putrid_log":5,"minecells:flag_pole":2,"minecraft:carrot":1,"minecraft:blue_carpet":34,"minecraft:dark_oak_planks":80,"minecells:promenade_dimensional_rune":3,"immersive_armors:wooden_helmet":12,"minecraft:arrow":655,"minecraft:rotten_flesh":48,"minecraft:gold_ingot":3,"minecraft:skeleton_skull":1,"minecraft:cobblestone":270,"handcrafted:oak_dining_bench":1,"minecraft:birch_log":20,"minecraft:feather":6,"minecraft:golden_carrot":17,"minecraft:glow_ink_sac":3,"minecraft:birch_slab":4,"minecraft:water_bucket":11,"minecraft:orange_carpet":6,"minecells:crate":2,"minecraft:red_mushroom":66,"minecraft:mushroom_stew":5,"minecraft:flint":64,"minecraft:oak_log":17,"minecraft:gunpowder":262,"prefabricated:item_house":7,"bewitchment:aconite_seeds":2,"minecraft:paper":27,"minecraft:dirt":5,"minecraft:lantern":5,"minecells:health_flask":1,"minecells:putrid_planks":15,"wizards:wand_novice":5,"minecraft:bone":15,"minecraft:apple":3,"minecraft:gray_carpet":7,"minecells:prison_torch":1,"minecraft:bow":15,"minecraft:cobweb":12,"minecraft:wheat_seeds":210,"bewitchment:mandrake_seeds":1,"minecraft:iron_ingot":73,"minecraft:stone_pickaxe":10,"convenientdecor:leaf_pile":56,"minecraft:stone_hoe":1,"minecraft:iron_sword":20,"minecraft:dark_oak_stairs":7,"minecraft:book":34,"minecraft:dark_oak_slab":3,"minecraft:cooked_porkchop":17,"patchouli:guide_book":1,"minecells:monster_cell":61,"minecells:infected_flesh":21,"bewitchment:belladonna_seeds":1,"minecraft:sand":61,"convenientdecor:red_leaf_pile":10,"minecraft:blast_furnace":2,"minecraft:ink_sac":3,"minecells:metal_shards":2,"minecraft:dark_oak_log":759,"minecraft:spider_eye":1,"minecraft:barrel":7,"minecells:multiple_nocks_bow":5,"immersive_armors:warrior_helmet":7,"minecells:red_putrid_sapling":10,"minecraft:diamond":1,"minecells:explosive_bulb":8,"minecraft:stone_axe":1,"mcdw:sword_iron_sword_var":7,"immersive_armors:wooden_chestplate":19,"convenientdecor:brown_leaf_pile":24,"wilderwild:crab_claw":4,"minecells:bloomrock":3,"minecells:putrid_sapling":2,"minecraft:bread":835,"minecraft:emerald":84,"minecraft:oak_sapling":2,"sophisticatedbackpacks:gold_backpack":8,"wilderwild:cooked_crab_claw":1,"immersive_armors:wooden_boots":18,"minecraft:coal":389,"minecraft:fishing_rod":3},"minecraft:dropped":{"minecraft:water_bucket":1,"minecraft:stone_hoe":1,"minecraft:enchanted_book":1,"minecraft:bread":128,"minecraft:iron_sword":1,"minecraft:porkchop":5,"minecraft:brown_mushroom":13,"minecraft:dark_oak_stairs":1,"minecraft:wheat_seeds":67,"medievalweapons:stone_rapier":1,"minecraft:feather":2,"convenientdecor:leaf_pile":10,"bountifulfares:grass_seeds":17,"wilderwild:split_coconut":2,"minecraft:spruce_stairs":6,"minecraft:birch_slab":2,"minecraft:mushroom_stew":4,"minecraft:red_mushroom":4,"minecraft:stick":1,"minecraft:emerald":6,"bewitchment:aconite_seeds":2,"minecells:broadsword":1,"inmis:plated_backpack":1,"minecraft:dark_oak_log":1,"minecraft:orange_carpet":2,"immersive_armors:wooden_leggings":3,"minecraft:wooden_axe":2,"minecraft:melon_slice":10,"minecells:throwing_knife":17,"minecraft:chain":1,"minecraft:wooden_sword":1,"immersive_armors:wooden_chestplate":2,"minecraft:dark_oak_planks":3,"minecraft:birch_log":1,"minecraft:bucket":2,"minecraft:gray_carpet":3,"bewitchment:belladonna_seeds":1,"minecraft:bone":9,"runes:fire_stone":128,"minecraft:stone_axe":1,"minecraft:player_head":4,"minecraft:birch_sapling":4,"minecraft:wheat":1,"immersive_armors:wooden_boots":2,"minecells:flag_pole":1,"wizards:wand_novice":1,"minecells:monster_cell":1,"wilderwild:crab_claw":2,"bewitchment:mandrake_seeds":1,"minecraft:birch_trapdoor":2,"promenade:blunite":10,"minecraft:oak_sapling":1,"minecraft:barrel":3,"minecraft:stone_pickaxe":2,"minecraft:wooden_pickaxe":1,"immersive_armors:wooden_helmet":1}},"DataVersion":3465}