{"stats":{"minecraft:custom":{"minecraft:interact_with_crafting_table":45,"minecraft:open_barrel":87,"minecraft:eat_cake_slice":8,"minecraft:leave_game":8,"minecraft:time_since_death":144298,"minecraft:sprint_one_cm":832034,"minecraft:damage_blocked_by_shield":624,"minecraft:drop":60,"minecraft:talked_to_villager":12,"minecraft:play_time":484928,"minecraft:deaths":12,"minecraft:jump":4356,"minecraft:walk_on_water_one_cm":37993,"minecraft:interact_with_furnace":24,"minecraft:traded_with_villager":69,"minecraft:sleep_in_bed":7,"minecraft:damage_dealt":34782,"minecraft:player_kills":1,"minecraft:crouch_one_cm":97587,"minecraft:mob_kills":161,"minecraft:damage_dealt_resisted":100,"minecraft:climb_one_cm":22812,"minecraft:walk_one_cm":715900,"minecraft:damage_dealt_absorbed":121,"minecraft:sneak_time":36371,"minecraft:walk_under_water_one_cm":62352,"minecraft:boat_one_cm":459678,"minecraft:total_world_time":484928,"minecraft:time_since_rest":20991,"minecraft:damage_taken":6223,"minecraft:trigger_trapped_chest":13,"minecraft:swim_one_cm":119885,"minecraft:fly_one_cm":1081539,"minecraft:open_chest":79,"minecraft:fall_one_cm":78291},"minecraft:killed":{"minecraft:spider":5,"promenade:sunken_skeleton":13,"minecraft:cod":6,"minecraft:pufferfish":1,"naturalist:boar":2,"minecraft:skeleton":46,"minecraft:guardian":3,"friendsandfoes:glare":1,"minecraft:chicken":1,"minecells:leaping_zombie":4,"bloomingnature:boar":2,"minecells:grenadier":3,"minecraft:parrot":3,"naturalist:firefly":1,"minecraft:creeper":11,"wilderwild:firefly":1,"minecraft:zombie":22,"wildlife:sparrow":1,"minecells:shieldbearer":4,"minecraft:glow_squid":1,"minecells:undead_archer":6,"minecraft:vindicator":10,"bewitchment:ghost":1,"naturalist:coral_snake":1,"naturalist:deer":1,"minecraft:drowned":3,"variantsandventures:verdant":1,"minecraft:squid":1,"wilderwild:crab":1,"minecraft:player":1,"bloomingnature:pelican":1},"minecraft:broken":{"minecraft:stone_pickaxe":2,"minecraft:iron_sword":1},"minecraft:used":{"handcrafted:evoker_trophy":2,"minecraft:light_gray_stained_glass_pane":49,"minecraft:spruce_slab":6,"minecraft:white_concrete_powder":151,"minecraft:chest":2,"minecraft:shield":7,"wilderwild:cooked_crab_claw":1,"wizards:wizard_robe_head":1,"minecraft:iron_sword":275,"enchanted:garlic":5,"enchanted:belladonna_seeds":23,"minecraft:player_head":1,"minecraft:rotten_flesh":2,"handcrafted:stackable_book":30,"handcrafted:oak_side_table":1,"bewitchment:iron_candelabra":7,"handcrafted:oak_nightstand":12,"handcrafted:bear_trophy":2,"minecraft:spruce_wood":2,"minecraft:lantern":18,"minecraft:grass_block":1,"minecraft:dark_oak_slab":195,"minecraft:stone_brick_stairs":43,"minecraft:birch_trapdoor":1,"minecraft:bow":138,"minecraft:furnace":6,"minecraft:gray_bed":2,"convenientdecor:red_raincoat":1,"handcrafted:acacia_fancy_bed":1,"minecraft:potato":41,"betterarcheology:villager_fossil_head":2,"bewitchment:garlic":9,"convenientdecor:copper_weather_vane":2,"handcrafted:yellow_crockery_combo":11,"minecraft:stone_pickaxe":352,"betterarcheology:creeper_fossil_head":4,"minecraft:gray_carpet":6,"minecraft:oak_planks":40,"minecraft:wooden_pickaxe":17,"convenientdecor:leaf_pile":65,"handcrafted:oak_bench":10,"handcrafted:black_cushion":1,"smallships:oak_cog":2,"handcrafted:acacia_couch":8,"handcrafted:oak_corner_trim":10,"handcrafted:blue_cup":1,"wizards:wand_novice":8,"bewitchment:aconite_seeds":15,"convenientdecor:brown_leaf_pile":34,"enchanted:snowbell_seeds":12,"handcrafted:spruce_cupboard":3,"minecraft:birch_slab":14,"minecraft:bread":53,"wilderwild:crab_claw":57,"minecraft:gravel":1,"handcrafted:blue_glazed_thick_pot":1,"convenientdecor:black_plastic_shovel":5,"handcrafted:terracotta_thick_pot":1,"minecraft:wooden_sword":56,"handcrafted:oak_fancy_bed":12,"minecraft:dark_oak_fence":44,"minecraft:birch_log":2,"immersive_armors:bone_leggings":1,"adventurez:piglin_flag":1,"minecraft:bone_meal":30,"handcrafted:creeper_trophy":1,"minecraft:experience_bottle":66,"handcrafted:witch_trophy":3,"soulsweapons:sting":31,"handcrafted:kitchen_hood":4,"bountifulfares:cocoa_cake":1,"minecraft:stone_sword":185,"handcrafted:fancy_painting":12,"minecraft:spruce_planks":73,"convenientdecor:umbrella_stand":2,"bewitchment:mandrake_seeds":12,"minecraft:stone_hoe":189,"handcrafted:salmon_trophy":2,"minecraft:torch":166,"minecraft:dirt":22,"minecraft:oak_wood":1,"handcrafted:oak_counter":2,"handcrafted:wood_crockery_combo":5,"handcrafted:spruce_table":25,"minecraft:stone_brick_slab":9,"wizards:wand_netherite_arcane":1,"minecraft:wooden_axe":16,"wizards:wizard_robe_legs":1,"minecraft:barrel":3,"wilderwild:coconut":32,"enchanted:mandrake_seeds":1,"handcrafted:oak_dining_bench":5,"minecraft:iron_trapdoor":1,"handcrafted:berry_jam_jar":1,"minecraft:trapped_chest":2,"medievalweapons:wooden_small_axe":8,"bountifulfares:mangrove_trellis":41,"minecraft:wheat_seeds":207,"minecraft:water_bucket":9,"bountifulfares:orange_block":2,"minecraft:polished_andesite":1,"minecraft:baked_potato":2,"bountifulfares:spongekin_seeds":1,"handcrafted:spider_trophy":1,"minecraft:orange_carpet":7,"betterarcheology:chicken_fossil_body":5,"minecraft:crafting_table":5,"bountifulfares:sweet_berry_tart":3,"bewitchment:cyan_coffin":1,"minecraft:painting":22,"betterarcheology:villager_fossil_body":6,"minecraft:spruce_log":125,"bountifulfares:spongekin_slice":6,"bewitchment:belladonna_seeds":6,"prefabricated:item_swift_blade_iron":60,"minecraft:iron_pickaxe":89,"handcrafted:oven":7,"handcrafted:blaze_trophy":2,"minecraft:stone_axe":41,"minecraft:blue_carpet":3,"immersive_armors:wooden_boots":2,"minecraft:cobblestone":20,"convenientdecor:red_leaf_pile":21,"minecraft:cooked_porkchop":4,"bountifulfares:hoary_apple_block":1,"minecraft:bucket":4,"handcrafted:lime_cushion":5,"betterarcheology:villager_fossil":1,"minecraft:stripped_oak_log":1,"immersive_armors:wooden_leggings":3,"enchanted:wolfsbane_seeds":18},"minecraft:crafted":{"minecraft:oak_planks":4,"minecraft:birch_slab":12,"wizards:wand_novice":3,"minecraft:chest":2,"surface:farming_witch_recipe":1,"immersive_armors:bone_chestplate":1,"wildlife:cooked_catfish":3,"immersive_armors:bone_leggings":1,"minecraft:cooked_porkchop":11,"minecraft:crafting_table":1,"runes:fire_stone":98,"minecraft:birch_planks":36,"inmis:plated_backpack":3,"minecraft:stick":12,"minecraft:stone_sword":1,"wilderwild:cooked_crab_claw":0,"immersive_armors:bone_boots":1,"minecraft:cookie":432,"minecraft:furnace":5,"minecraft:bone_meal":36,"minecraft:stone_pickaxe":1,"minecraft:stone_axe":1,"minecraft:bread":264,"minecraft:air":0,"immersive_armors:bone_helmet":1,"minecraft:birch_trapdoor":2,"soulsweapons:sting":2,"minecraft:torch":4},"minecraft:mined":{"minecraft:blue_carpet":2,"minecraft:spruce_planks":1,"minecraft:oak_sapling":1,"minecraft:grass_block":9,"minecraft:coal_block":6,"convenientdecor:red_leaf_pile":16,"minecraft:iron_ore":40,"minecraft:player_head":1,"bountifulfares:wild_passion_fruit_vine":3,"minecraft:player_wall_head":1,"handcrafted:stackable_book":9,"enchanted:belladonna":6,"minecraft:torch":3,"handcrafted:oak_side_table":1,"minecraft:cobblestone":1,"bountifulfares:spongekin":2,"bewitchment:belladonna":5,"minecraft:wall_torch":10,"minecraft:birch_log":11,"bloomingnature:begonie":1,"minecraft:wheat":109,"minecraft:grass":15,"minecraft:oak_log":1,"minecraft:sand":11,"minecraft:oak_leaves":11,"soulsweapons:verglas_ore":3,"convenientdecor:brown_leaf_pile":12,"minecraft:dark_oak_log":41,"enchanted:wolfsbane":4,"minecraft:glow_lichen":1,"minecraft:dark_oak_fence":6,"bountifulfares:hanging_orange":2,"minecraft:birch_slab":5,"minecraft:furnace":2,"convenientdecor:leaf_pile":34,"wilderwild:pollen":1,"minecraft:potatoes":13,"minecraft:stone":145,"minecells:alchemy_equipment_1":1,"betterarcheology:chicken_fossil_body":3,"promenade:blunite":1,"enchanted:snowbell":4,"minecraft:crafting_table":3,"bewitchment:aconite":7,"minecraft:tall_grass":8,"bloomingnature:daphne":1,"minecraft:orange_carpet":8,"bewitchment:mandrake":3,"minecraft:gray_bed":2,"minecraft:coal_ore":229,"minecraft:gravel":9,"minecraft:gray_carpet":4,"minecraft:iron_trapdoor":1,"minecraft:fern":3},"minecraft:killed_by":{"minecraft:drowned":1,"minecraft:vindicator":2,"variantsandventures:verdant":1,"minecraft:skeleton":2,"minecraft:guardian":1},"minecraft:picked_up":{"minecraft:wooden_axe":1,"minecraft:iron_chestplate":1,"minecraft:wheat":106,"minecraft:iron_trapdoor":1,"minecraft:prismarine_shard":5,"natures_spirit:snapdragon":1,"bloomingnature:mountain_laurel":2,"bountifulfares:grass_seeds":155,"minecraft:string":14,"wilderwild:split_coconut":60,"minecraft:pufferfish":1,"minecraft:oak_sign":2,"bosses_of_mass_destruction:soul_star":1,"minecraft:bucket":1,"inmis:plated_backpack":3,"minecraft:spruce_planks":5,"minecraft:bubble_coral":7,"minecraft:azalea":2,"minecraft:melon_slice":30,"minecraft:coal_block":6,"minecraft:iron_boots":2,"minecraft:furnace":2,"minecells:guts":6,"minecraft:stick":12,"enchanted:wolfsbane_flower":4,"minecraft:birch_trapdoor":1,"cafesbirding:raw_bird_thigh":10,"minecraft:torch":59,"bewitchment:belladonna":4,"minecraft:spruce_stairs":4,"minecraft:porkchop":15,"minecraft:golden_chestplate":1,"minecraft:stone_sword":4,"minecraft:rotten_flesh":30,"minecraft:tropical_fish":1,"bountifulfares:orange_log":1,"bewitchment:mandrake_root":3,"enchanted:belladonna_seeds":27,"minecraft:snowball":2,"wizards:wand_netherite_arcane":2,"minecraft:cod":2,"minecraft:cobblestone":144,"minecraft:birch_log":29,"immersive_armors:bone_helmet":2,"minecraft:feather":4,"minecraft:birch_slab":5,"minecraft:water_bucket":1,"minecraft:orange_carpet":7,"minecraft:potato":45,"minecraft:horn_coral":3,"betterarcheology:chicken_fossil_body":3,"minecraft:dirt":25,"minecraft:leather_boots":2,"wizards:wand_novice":4,"minecraft:bone":48,"minecraft:bow":8,"minecraft:wheat_seeds":407,"medievalweapons:wooden_small_axe":2,"natures_spirit:gardenia":19,"minecraft:bamboo":5,"bloomingnature:freesia_pink":4,"minecraft:stone_hoe":3,"enchanted:wolfsbane_seeds":19,"minecraft:poisonous_potato":1,"minecraft:ink_sac":11,"minecells:metal_shards":1,"minecraft:lily_of_the_valley":2,"minecraft:dark_oak_log":4,"minecraft:barrel":3,"handcrafted:stackable_book":9,"immersive_armors:bone_boots":2,"convenientdecor:brown_leaf_pile":22,"enchanted:snowbell_seeds":12,"minecraft:crossbow":1,"wilderwild:crab_claw":133,"soulsweapons:verglas":3,"minecraft:bread":281,"minecraft:emerald":64,"bewitchment:ectoplasm":2,"bountifulfares:spongekin_seeds":1,"minecraft:oak_sapling":4,"minecraft:dark_oak_fence":6,"minecells:putrid_sapling":1,"minecraft:crafting_table":6,"minecraft:allium":2,"minecraft:chicken":1,"naturalist:venison":3,"minecraft:brown_mushroom":79,"minecraft:wooden_pickaxe":4,"promenade:blunite":1,"minecraft:fire_coral":7,"minecraft:moss_carpet":1,"minecraft:wooden_sword":3,"bloomingnature:begonie":1,"immersive_armors:wooden_leggings":9,"minecraft:player_head":7,"minecraft:poppy":18,"minecraft:birch_sapling":2,"bountifulfares:spongekin_slice":28,"minecraft:phantom_membrane":1,"natures_spirit:anemone":1,"minecraft:raw_iron":61,"immersive_armors:bone_chestplate":2,"runes:fire_stone":65,"minecells:monsters_eye":1,"enchanted:icy_needle":2,"minecraft:cookie":320,"minecraft:trident":1,"minecraft:redstone":1,"wilderwild:glory_of_the_snow":13,"minecraft:prismarine_crystals":2,"minecraft:blue_carpet":4,"enchanted:water_artichoke_seeds":4,"minecraft:dark_oak_planks":28,"wizards:wizard_robe_head":1,"bountifulfares:orange":4,"minecraft:arrow":52,"immersive_armors:wooden_helmet":2,"bewitchment:garlic":9,"minecraft:pink_tulip":2,"enchanted:mandrake_seeds":4,"enchanted:belladonna_flower":4,"immersive_armors:bone_leggings":2,"minecraft:tripwire_hook":1,"minecraft:glow_ink_sac":12,"minecraft:red_mushroom":23,"minecraft:mushroom_stew":1,"minecraft:oak_log":1,"surface:farming_witch_recipe":1,"bountifulfares:orange_sapling":2,"minecraft:gunpowder":10,"prefabricated:item_house":2,"bewitchment:aconite_seeds":23,"minecraft:paper":13,"bountifulfares:passion_fruit":6,"immersive_armors:warrior_leggings":2,"minecraft:gray_carpet":4,"bewitchment:aconite":7,"bewitchment:mandrake_seeds":16,"minecraft:stone_pickaxe":7,"convenientdecor:leaf_pile":35,"minecraft:cobweb":1,"minecraft:gray_bed":2,"minecraft:iron_sword":5,"wilderwild:milkweed":2,"wilderwild:carnation":8,"minecells:monster_cell":7,"minecraft:dandelion":25,"minecells:infected_flesh":8,"minecraft:gravel":9,"enchanted:garlic":8,"bewitchment:belladonna_seeds":12,"convenientdecor:red_leaf_pile":46,"minecraft:spider_eye":6,"bountifulfares:sweet_berry_tart":1,"minecraft:white_concrete_powder":4,"minecraft:stone_axe":3,"immersive_armors:wooden_chestplate":4,"minecraft:chainmail_leggings":3,"minecraft:iron_helmet":1,"betterarcheology:creeper_fossil_head":1,"cafesbirding:parrot_feather":12,"bloomingnature:daphne":4,"minecraft:baked_potato":3,"medievalweapons:stone_rapier":1,"minecraft:coal":485,"immersive_armors:wooden_boots":5},"minecraft:dropped":{"minecraft:cooked_porkchop":4,"minecraft:cookie":64,"sophisticatedbackpacks:gold_backpack":2,"immersive_armors:wooden_leggings":2,"bountifulfares:spongekin_slice":4,"surface:farming_witch_recipe":1,"minecraft:bone":7,"minecraft:gravel":8,"convenientdecor:red_leaf_pile":13,"minecraft:rotten_flesh":1,"prefabricated:item_swift_blade_stone":1,"wilderwild:cooked_crab_claw":1,"wilderwild:crab_claw":8,"minecraft:gunpowder":52,"bloomingnature:daphne":1,"minecraft:leather_boots":2,"minecraft:arrow":89,"minecraft:water_bucket":1,"minecraft:wheat_seeds":1,"minecraft:iron_helmet":1,"minecraft:cobblestone":99,"convenientdecor:leaf_pile":2,"bountifulfares:grass_seeds":1,"immersive_armors:warrior_leggings":1,"minecraft:coal":128,"inmis:plated_backpack":2,"minecraft:torch":4,"minecraft:chainmail_leggings":2,"minecraft:tripwire_hook":1,"prefabricated:item_house":2,"minecraft:furnace":1,"soulsweapons:sting":2,"minecraft:iron_boots":2,"minecraft:oak_sapling":2,"minecraft:bow":2}},"DataVersion":3465}