{"stats":{"minecraft:picked_up":{"minecraft:allium":2,"minecraft:brown_mushroom":25,"minecraft:red_mushroom":18,"natures_spirit:snapdragon":1,"minecraft:oak_log":1,"bloomingnature:mountain_laurel":2,"bountifulfares:grass_seeds":127,"bewitchment:aconite_seeds":10,"minecraft:oak_sign":2,"minecraft:wheat_seeds":70,"bewitchment:mandrake_seeds":8,"natures_spirit:gardenia":19,"minecraft:poppy":18,"bloomingnature:freesia_pink":4,"natures_spirit:anemone":1,"wilderwild:milkweed":2,"enchanted:wolfsbane_seeds":4,"wilderwild:carnation":8,"minecraft:dandelion":25,"enchanted:garlic":2,"bewitchment:belladonna_seeds":5,"minecraft:lily_of_the_valley":2,"wilderwild:glory_of_the_snow":13,"enchanted:water_artichoke_seeds":1,"handcrafted:stackable_book":2,"bewitchment:garlic":8,"enchanted:snowbell_seeds":2,"bloomingnature:daphne":1,"minecraft:pink_tulip":2,"enchanted:mandrake_seeds":1,"minecraft:baked_potato":1,"enchanted:belladonna_seeds":7},"minecraft:used":{"bountifulfares:mangrove_trellis":41,"handcrafted:evoker_trophy":1,"bountifulfares:orange_block":2,"handcrafted:kitchen_hood":4,"bountifulfares:cocoa_cake":1,"handcrafted:fancy_painting":12,"handcrafted:yellow_crockery_combo":11,"convenientdecor:copper_weather_vane":2,"betterarcheology:creeper_fossil_head":3,"minecraft:polished_andesite":1,"minecraft:gray_carpet":4,"minecraft:oak_planks":4,"convenientdecor:umbrella_stand":1,"convenientdecor:leaf_pile":64,"handcrafted:oak_bench":10,"handcrafted:black_cushion":1,"handcrafted:stackable_book":23,"handcrafted:spider_trophy":1,"handcrafted:oak_corner_trim":10,"handcrafted:acacia_couch":8,"handcrafted:salmon_trophy":2,"handcrafted:blue_cup":1,"betterarcheology:chicken_fossil_body":2,"bountifulfares:sweet_berry_tart":2,"bewitchment:cyan_coffin":1,"handcrafted:oak_counter":2,"minecraft:painting":22,"handcrafted:wood_crockery_combo":5,"betterarcheology:villager_fossil_body":6,"bewitchment:iron_candelabra":7,"handcrafted:spruce_table":25,"convenientdecor:brown_leaf_pile":34,"handcrafted:oak_nightstand":12,"handcrafted:bear_trophy":2,"handcrafted:spruce_cupboard":3,"handcrafted:oven":7,"handcrafted:blaze_trophy":2,"convenientdecor:black_plastic_shovel":5,"handcrafted:blue_glazed_thick_pot":1,"handcrafted:terracotta_thick_pot":1,"handcrafted:oak_dining_bench":4,"handcrafted:oak_fancy_bed":12,"convenientdecor:red_leaf_pile":21,"handcrafted:berry_jam_jar":1,"bountifulfares:hoary_apple_block":1,"minecraft:trapped_chest":2,"convenientdecor:red_raincoat":1,"handcrafted:lime_cushion":5,"handcrafted:acacia_fancy_bed":1,"betterarcheology:villager_fossil":1,"minecraft:stripped_oak_log":1,"adventurez:piglin_flag":1,"betterarcheology:villager_fossil_head":2,"handcrafted:creeper_trophy":1,"handcrafted:witch_trophy":2},"minecraft:killed_by":{"minecraft:drowned":1},"minecraft:mined":{"handcrafted:stackable_book":2,"minecraft:grass":2,"minecraft:oak_log":1,"minecraft:oak_leaves":11},"minecraft:custom":{"minecraft:leave_game":6,"minecraft:time_since_death":23251,"minecraft:sleep_in_bed":2,"minecraft:climb_one_cm":563,"minecraft:time_since_rest":22392,"minecraft:sprint_one_cm":93067,"minecraft:damage_taken":670,"minecraft:walk_one_cm":63714,"minecraft:trigger_trapped_chest":1,"minecraft:damage_dealt":10,"minecraft:swim_one_cm":13328,"minecraft:fly_one_cm":127891,"minecraft:crouch_one_cm":6138,"minecraft:play_time":68315,"minecraft:deaths":4,"minecraft:sneak_time":3054,"minecraft:walk_under_water_one_cm":4893,"minecraft:jump":297,"minecraft:walk_on_water_one_cm":1470,"minecraft:total_world_time":68315,"minecraft:fall_one_cm":7064},"minecraft:crafted":{"minecraft:oak_planks":4}},"DataVersion":3465}