{"stats":{"minecraft:custom":{"minecraft:interact_with_furnace":1,"minecraft:mob_kills":148,"minecraft:traded_with_villager":48,"minecraft:interact_with_crafting_table":27,"minecraft:open_barrel":1,"minecraft:leave_game":3,"minecraft:time_since_death":21289,"minecraft:climb_one_cm":4702,"minecraft:sleep_in_bed":1,"minecraft:time_since_rest":21345,"minecraft:sprint_one_cm":278112,"minecraft:damage_taken":1874,"minecraft:walk_one_cm":195309,"minecraft:drop":43,"minecraft:damage_dealt":3771,"minecraft:swim_one_cm":39750,"minecraft:fly_one_cm":765910,"minecraft:talked_to_villager":8,"minecraft:play_time":102888,"minecraft:open_chest":12,"minecraft:crouch_one_cm":9437,"minecraft:sneak_time":4063,"minecraft:deaths":2,"minecraft:walk_under_water_one_cm":16139,"minecraft:boat_one_cm":227186,"minecraft:jump":1978,"minecraft:walk_on_water_one_cm":13024,"minecraft:total_world_time":102888,"minecraft:fall_one_cm":56660},"minecraft:crafted":{"prefabricated:item_swift_blade_wood":1,"minecraft:oak_planks":16,"minecraft:emerald":36,"minecraft:crafting_table":2,"minecraft:wooden_pickaxe":1,"minecraft:bread":128,"minecraft:air":0,"minecraft:stick":4,"minecraft:wooden_axe":1,"minecraft:pumpkin_pie":48,"minecraft:wheat":414},"minecraft:broken":{"prefabricated:item_swift_blade_wood":1},"minecraft:dropped":{"minecraft:bread":16,"minecraft:sugar_cane":3,"minecraft:brown_mushroom":1,"minecraft:wheat_seeds":3,"minecraft:oak_log":62,"minecraft:feather":3,"minecraft:rotten_flesh":4,"prefabricated:item_swift_blade_wood":14,"bountifulfares:grass_seeds":3,"minecraft:white_bed":1,"bewitchment:ectoplasm":2,"minecraft:oak_sapling":20,"minecraft:chain":2,"enchanted:snowbell_seeds":1,"minecraft:wooden_sword":1,"minecraft:spider_eye":1,"minecraft:bamboo":14,"enchanted:garlic":1,"minecraft:golden_hoe":1,"minecraft:string":1},"minecraft:mined":{"minecraft:tuff":1,"bloomingnature:termite_mound":9,"minecraft:crafting_table":2,"minecraft:tall_grass":8,"minecraft:sugar_cane":2,"minecraft:large_fern":2,"minecraft:hay_block":46,"bountifulfares:apple_sapling":1,"wilderwild:bush":1,"minecraft:pumpkin":8,"minecraft:grass":7,"minecraft:oak_log":30,"bewitchment:elder_log":5,"surface:rock":1,"minecraft:sand":1,"minecraft:oak_leaves":7},"minecraft:used":{"wilderwild:bush":1,"minecraft:wooden_pickaxe":2,"minecraft:brown_mushroom":4,"minecraft:glow_berries":4,"minecraft:crafting_table":3,"minecraft:carrot":3,"surface:rock":2,"minecraft:wooden_axe":50,"smallships:oak_drakkar":1,"prefabricated:item_swift_blade_wood":141,"minecraft:bread":34,"minecraft:bow":181,"minecraft:oak_sapling":4,"minecraft:pumpkin":2},"minecraft:killed_by":{"minecraft:creeper":1,"adventurez:orc":1},"minecraft:killed":{"wildlife:iguana":1,"wildlife:alligator":2,"bloomingnature:deer":1,"wildlife:goldfish":9,"bloomingnature:termite":11,"promenade:duck":1,"minecraft:salmon":17,"minecraft:spider":6,"wildlife:spider":3,"minecraft:creeper":9,"bewitchment:ghost":2,"bewitchment:raven":1,"wildlife:spicebush_butterfly":1,"naturalist:snail":2,"minecraft:skeleton":5,"bewitchment:owl":1,"wildlife:catfish":2,"minecraft:zombie":9,"naturalist:catfish":5,"wilderwild:firefly":1,"wildlife:bettafish":8,"naturalist:bass":34,"wildlife:koi":9,"minecraft:drowned":2,"bloomingnature:boar":1,"naturalist:cardinal":1,"wildlife:ant":1,"wildlife:rainbow_trout":1,"adventurez:orc":1,"wildlife:porcupine":1},"minecraft:picked_up":{"minecraft:crafting_table":2,"minecraft:feather":3,"minecraft:brown_mushroom":5,"minecraft:filled_map":4,"minecraft:oak_log":93,"minecraft:chain":1,"surface:rock":2,"minecraft:gunpowder":9,"bountifulfares:grass_seeds":3,"minecraft:string":7,"bewitchment:elder_log":5,"minecraft:wooden_sword":1,"naturalist:bass":8,"minecraft:bone":3,"wilderwild:bush":1,"bloomingnature:bluebell":1,"minecraft:apple":6,"bountifulfares:apple_sapling":1,"minecraft:wheat_seeds":6,"immersive_armors:wooden_leggings":1,"naturalist:catfish":3,"minecraft:bamboo":14,"minecraft:sugar_cane":6,"minecraft:oak_planks":11,"prefabricated:item_swift_blade_wood":2,"minecraft:stick":17,"minecraft:pumpkin":8,"promenade:duck":1,"enchanted:garlic":1,"minecraft:porkchop":3,"minecraft:white_bed":1,"bountifulfares:apple_log":5,"minecraft:spider_eye":4,"immersive_armors:wooden_helmet":1,"minecraft:rotten_flesh":4,"immersive_armors:wooden_chestplate":1,"enchanted:snowbell_seeds":1,"minecraft:hay_block":46,"minecraft:bread":29,"enchanted:belladonna_seeds":3,"bewitchment:ectoplasm":2,"minecraft:oak_sapling":24,"immersive_armors:wooden_boots":1,"adventurez:orc_skin":2}},"DataVersion":3465}