{"stats":{"minecraft:killed_by":{"minecraft:creeper":1,"minecraft:drowned":1,"minecraft:vindicator":2,"minecells:grenadier":3,"variantsandventures:verdant":1,"minecraft:skeleton":2,"minecraft:guardian":1},"minecraft:picked_up":{"minecraft:wooden_axe":1,"minecraft:iron_chestplate":2,"minecraft:wheat":112,"minecraft:chainmail_boots":3,"minecraft:iron_trapdoor":1,"minecraft:prismarine_shard":5,"natures_spirit:snapdragon":1,"bloomingnature:fan_palm_log":4,"bloomingnature:mountain_laurel":2,"bountifulfares:grass_seeds":163,"bloomingnature:beach_grass":5,"minecraft:string":21,"wilderwild:split_coconut":60,"minecraft:iron_leggings":1,"minecraft:pufferfish":1,"minecraft:oak_sign":2,"bosses_of_mass_destruction:soul_star":1,"minecraft:bucket":1,"inmis:plated_backpack":3,"minecraft:spruce_planks":5,"bloomingnature:beach_bush_tall":5,"minecraft:bubble_coral":7,"minecraft:azalea":2,"minecraft:iron_pickaxe":2,"minecraft:melon_slice":42,"minecraft:coal_block":6,"minecraft:iron_boots":3,"minecraft:furnace":2,"minecells:guts":43,"minecraft:stick":22,"enchanted:wolfsbane_flower":4,"minecraft:birch_trapdoor":1,"cafesbirding:raw_bird_thigh":10,"minecraft:torch":125,"bewitchment:belladonna":4,"minecraft:spruce_stairs":4,"minecraft:porkchop":20,"minecraft:golden_chestplate":1,"wildlife:raw_rainbow_trout":2,"minecells:promenade_dimensional_rune":1,"minecraft:stone_sword":4,"minecraft:rotten_flesh":85,"minecraft:tropical_fish":1,"bountifulfares:orange_log":1,"bewitchment:mandrake_root":3,"enchanted:belladonna_seeds":27,"wizards:wand_netherite_arcane":2,"minecraft:cod":2,"minecraft:snowball":2,"minecraft:cobblestone":202,"minecraft:birch_log":29,"immersive_armors:bone_helmet":2,"minecraft:feather":5,"minecraft:birch_slab":5,"minecraft:water_bucket":2,"minecraft:orange_carpet":7,"minecraft:potato":45,"minecraft:horn_coral":3,"betterarcheology:chicken_fossil_body":3,"minecraft:dirt":64,"wizards:wand_novice":9,"minecraft:leather_boots":2,"minecraft:bone":54,"minecraft:bow":8,"minecraft:wheat_seeds":412,"medievalweapons:wooden_small_axe":2,"natures_spirit:gardenia":19,"minecraft:bamboo":5,"bloomingnature:freesia_pink":5,"minecraft:stone_hoe":3,"enchanted:wolfsbane_seeds":21,"minecraft:poisonous_potato":1,"minecraft:sand":98,"minecraft:ink_sac":11,"minecells:metal_shards":10,"minecraft:lily_of_the_valley":4,"minecraft:dark_oak_log":456,"minecraft:barrel":3,"handcrafted:stackable_book":9,"immersive_armors:bone_boots":2,"minecells:explosive_bulb":13,"convenientdecor:brown_leaf_pile":22,"enchanted:snowbell_seeds":12,"minecraft:crossbow":1,"wilderwild:crab_claw":134,"minecraft:chorus_fruit":1,"minecraft:rooted_dirt":2,"minecraft:emerald":64,"soulsweapons:verglas":3,"minecraft:chainmail_helmet":3,"minecraft:bread":555,"bewitchment:ectoplasm":2,"minecraft:oak_sapling":5,"minecraft:dark_oak_fence":6,"prefabricated:item_swift_blade_iron":8,"minecells:throwing_knife":51,"bountifulfares:spongekin_seeds":1,"minecraft:fishing_rod":1,"sophisticatedbackpacks:gold_backpack":4,"minecells:putrid_sapling":1,"minecraft:crafting_table":7,"minecraft:allium":2,"minecraft:chicken":2,"naturalist:venison":3,"minecraft:brown_mushroom":87,"minecraft:wooden_pickaxe":4,"minecells:king_statue":2,"minecraft:chain":1,"promenade:blunite":1,"minecraft:fire_coral":7,"minecraft:shield":1,"minecraft:moss_carpet":1,"minecraft:wooden_sword":3,"artifacts:feral_claws":4,"soulsweapons:sting":1,"bloomingnature:begonie":1,"wildlife:raw_shrimp":2,"immersive_armors:wooden_leggings":10,"minecraft:player_head":7,"minecraft:poppy":18,"minecraft:chest":11,"minecraft:birch_sapling":2,"bountifulfares:spongekin_slice":28,"minecraft:phantom_membrane":1,"natures_spirit:anemone":1,"minecraft:dark_oak_sapling":29,"minecraft:raw_iron":61,"immersive_armors:bone_chestplate":2,"runes:fire_stone":827,"minecells:monsters_eye":4,"enchanted:icy_needle":2,"minecells:arcane_goo":3,"artifacts:vampiric_glove":1,"minecraft:cookie":320,"minecraft:trident":1,"minecraft:redstone":1,"wilderwild:glory_of_the_snow":13,"minecraft:prismarine_crystals":2,"minecraft:blue_carpet":4,"enchanted:water_artichoke_seeds":5,"minecraft:dark_oak_planks":34,"wizards:wizard_robe_head":1,"bountifulfares:orange":5,"bewitchment:garlic":9,"immersive_armors:wooden_helmet":2,"minecraft:arrow":72,"minecraft:pink_tulip":2,"enchanted:mandrake_seeds":4,"minecraft:gold_ingot":3,"wilderwild:datura":4,"enchanted:belladonna_flower":4,"basicweapons:iron_quarterstaff":1,"immersive_armors:bone_leggings":2,"minecraft:tripwire_hook":1,"minecraft:glow_ink_sac":12,"minecraft:red_mushroom":33,"minecraft:mushroom_stew":1,"minecraft:oak_log":1,"minecraft:chainmail_chestplate":3,"surface:farming_witch_recipe":1,"minecraft:gunpowder":30,"bountifulfares:orange_sapling":2,"prefabricated:item_house":2,"bewitchment:aconite_seeds":23,"minecraft:paper":13,"bountifulfares:passion_fruit":6,"immersive_armors:warrior_leggings":2,"minecraft:apple":7,"minecraft:gray_carpet":5,"bewitchment:aconite":7,"bewitchment:mandrake_seeds":17,"minecraft:iron_ingot":7,"minecraft:stone_pickaxe":7,"convenientdecor:leaf_pile":35,"minecraft:cobweb":1,"minecraft:gray_bed":2,"minecraft:iron_sword":5,"wilderwild:milkweed":2,"bloomingnature:fan_palm_planks":19,"wilderwild:carnation":8,"minecells:monster_cell":83,"minecraft:dandelion":25,"minecells:infected_flesh":53,"minecraft:gravel":9,"enchanted:garlic":8,"bewitchment:belladonna_seeds":12,"convenientdecor:red_leaf_pile":46,"minecraft:spider_eye":10,"minecraft:leather_helmet":1,"bountifulfares:sweet_berry_tart":1,"minecraft:white_concrete_powder":4,"minecraft:stone_axe":5,"minecraft:chainmail_leggings":6,"immersive_armors:wooden_chestplate":4,"minecraft:iron_helmet":2,"betterarcheology:creeper_fossil_head":1,"cafesbirding:parrot_feather":12,"bloomingnature:daphne":4,"minecraft:baked_potato":3,"minecraft:coal":485,"medievalweapons:stone_rapier":1,"immersive_armors:wooden_boots":7},"minecraft:broken":{"minecraft:stone_pickaxe":2,"minecraft:stone_axe":1,"minecraft:iron_sword":1},"minecraft:killed":{"minecraft:spider":7,"promenade:sunken_skeleton":13,"minecraft:cod":6,"naturalist:boar":2,"minecraft:pufferfish":1,"minecraft:skeleton":53,"friendsandfoes:glare":1,"minecraft:guardian":3,"minecraft:chicken":1,"bloomingnature:boar":3,"minecells:leaping_zombie":65,"minecells:protector":10,"minecells:grenadier":22,"minecraft:parrot":3,"naturalist:firefly":1,"minecraft:creeper":22,"wilderwild:firefly":1,"minecraft:zombie":33,"wildlife:sparrow":1,"minecells:shieldbearer":13,"minecraft:glow_squid":1,"minecells:mutated_bat":5,"minecraft:vindicator":13,"minecells:undead_archer":15,"bloomingnature:turkey":1,"bewitchment:ghost":1,"naturalist:coral_snake":1,"naturalist:deer":1,"minecraft:drowned":3,"minecells:runner":10,"variantsandventures:verdant":1,"wildlife:seaurchin":2,"minecraft:squid":1,"wilderwild:crab":2,"minecraft:player":1,"minecraft:enderman":1,"bloomingnature:pelican":2},"minecraft:custom":{"minecraft:interact_with_crafting_table":51,"minecraft:open_barrel":92,"minecraft:eat_cake_slice":8,"minecraft:leave_game":8,"minecraft:time_since_death":8164,"minecraft:sprint_one_cm":1316694,"minecraft:damage_blocked_by_shield":624,"minecraft:drop":109,"minecraft:talked_to_villager":13,"minecraft:play_time":610603,"minecraft:deaths":16,"minecraft:jump":6279,"minecraft:walk_on_water_one_cm":42384,"minecraft:interact_with_furnace":24,"minecraft:traded_with_villager":69,"minecraft:sleep_in_bed":7,"minecraft:damage_dealt":65480,"minecraft:player_kills":1,"minecraft:crouch_one_cm":115438,"minecraft:mob_kills":325,"minecraft:damage_dealt_resisted":100,"minecraft:climb_one_cm":33878,"minecraft:walk_one_cm":927393,"minecraft:damage_dealt_absorbed":121,"minecraft:sneak_time":41732,"minecraft:walk_under_water_one_cm":64722,"minecraft:boat_one_cm":463351,"minecraft:total_world_time":610603,"minecraft:time_since_rest":8194,"minecraft:damage_taken":10775,"minecraft:trigger_trapped_chest":16,"minecraft:swim_one_cm":131207,"minecraft:fly_one_cm":1803372,"minecraft:open_chest":135,"minecraft:fall_one_cm":121996},"minecraft:mined":{"minecraft:dark_oak_planks":4,"minecraft:blue_carpet":2,"minecraft:spruce_planks":1,"minecraft:oak_sapling":1,"minecraft:grass_block":9,"minecraft:coal_block":6,"minecraft:frosted_ice":1,"convenientdecor:red_leaf_pile":16,"minecraft:iron_ore":40,"minecells:wilted_wall_leaves":1,"minecells:king_statue":2,"minecraft:player_head":1,"bountifulfares:wild_passion_fruit_vine":3,"minecraft:player_wall_head":1,"handcrafted:stackable_book":9,"enchanted:belladonna":6,"minecraft:torch":4,"minecraft:melon":1,"handcrafted:oak_side_table":1,"minecraft:chest":1,"minecraft:mushroom_stem":2,"minecraft:cobblestone":1,"bountifulfares:spongekin":2,"bewitchment:belladonna":5,"minecraft:wall_torch":10,"wilderwild:red_shelf_fungus":1,"minecraft:birch_log":11,"bloomingnature:begonie":1,"minecraft:wheat":109,"minecraft:grass":19,"minecraft:oak_log":1,"minecraft:dark_oak_sapling":1,"minecraft:sand":108,"bloomingnature:fan_palm_planks":3,"minecraft:oak_leaves":11,"bloomingnature:beach_bush_tall":5,"soulsweapons:verglas_ore":3,"convenientdecor:brown_leaf_pile":12,"minecraft:dark_oak_log":271,"enchanted:wolfsbane":4,"minecraft:glow_lichen":1,"minecraft:dark_oak_fence":6,"bountifulfares:hanging_orange":2,"minecraft:birch_slab":5,"promenade:fulvous_maple_leaf_pile":1,"minecraft:furnace":2,"convenientdecor:leaf_pile":34,"wilderwild:pollen":1,"minecraft:potatoes":13,"minecraft:vine":1,"minecraft:stone":145,"minecells:alchemy_equipment_1":1,"betterarcheology:chicken_fossil_body":3,"promenade:blunite":1,"enchanted:snowbell":4,"natures_spirit:lush_fern":1,"minecraft:crafting_table":4,"bewitchment:aconite":7,"minecraft:tall_grass":10,"bloomingnature:daphne":1,"minecraft:orange_carpet":8,"bewitchment:mandrake":3,"minecraft:gray_bed":2,"minecraft:birch_leaves":2,"minecraft:coal_ore":229,"bloomingnature:beach_grass":5,"minecraft:gravel":9,"minecraft:gray_carpet":5,"minecraft:cobweb":1,"minecraft:iron_trapdoor":1,"minecraft:fern":5},"minecraft:used":{"handcrafted:evoker_trophy":2,"minecells:king_statue":2,"minecraft:light_gray_stained_glass_pane":49,"minecraft:spruce_slab":6,"minecraft:white_concrete_powder":151,"minecraft:chest":67,"minecraft:shield":7,"wilderwild:cooked_crab_claw":1,"wizards:wizard_robe_head":1,"minecraft:iron_sword":275,"enchanted:garlic":5,"enchanted:belladonna_seeds":23,"minecraft:player_head":1,"minecraft:rotten_flesh":2,"handcrafted:stackable_book":30,"minecraft:iron_chestplate":1,"handcrafted:oak_side_table":1,"bewitchment:iron_candelabra":7,"handcrafted:oak_nightstand":12,"handcrafted:bear_trophy":2,"minecraft:spruce_wood":7,"minecraft:grass_block":1,"minecraft:lantern":18,"minecraft:dark_oak_slab":195,"minecraft:stone_brick_stairs":43,"minecraft:birch_trapdoor":1,"basicweapons:iron_quarterstaff":13,"minecraft:bow":138,"minecraft:furnace":6,"minecraft:gray_bed":2,"convenientdecor:red_raincoat":1,"handcrafted:acacia_fancy_bed":1,"minecraft:potato":41,"minecraft:dark_oak_sapling":13,"betterarcheology:villager_fossil_head":2,"bewitchment:garlic":9,"bloomingnature:fan_palm_planks":3,"convenientdecor:copper_weather_vane":2,"handcrafted:yellow_crockery_combo":11,"minecraft:stone_pickaxe":352,"betterarcheology:creeper_fossil_head":4,"minecraft:gray_carpet":6,"minecraft:oak_planks":40,"minecraft:wooden_pickaxe":17,"minecraft:chainmail_helmet":1,"convenientdecor:leaf_pile":65,"handcrafted:oak_bench":10,"handcrafted:black_cushion":1,"smallships:oak_cog":2,"handcrafted:oak_corner_trim":10,"handcrafted:acacia_couch":8,"minecraft:sand":49,"handcrafted:blue_cup":1,"wizards:wand_novice":8,"bewitchment:aconite_seeds":15,"convenientdecor:brown_leaf_pile":34,"enchanted:snowbell_seeds":12,"minecraft:dark_oak_log":15,"bountifulfares:orange":1,"handcrafted:spruce_cupboard":3,"minecraft:birch_slab":14,"minecraft:bread":125,"wilderwild:crab_claw":58,"minecraft:gravel":1,"handcrafted:blue_glazed_thick_pot":1,"convenientdecor:black_plastic_shovel":5,"handcrafted:terracotta_thick_pot":1,"minecraft:wooden_sword":56,"handcrafted:oak_fancy_bed":12,"minecraft:dark_oak_fence":44,"minecraft:birch_log":2,"immersive_armors:bone_leggings":1,"adventurez:piglin_flag":1,"handcrafted:creeper_trophy":1,"minecraft:bone_meal":30,"minecraft:experience_bottle":117,"handcrafted:witch_trophy":3,"soulsweapons:sting":31,"handcrafted:kitchen_hood":4,"bountifulfares:cocoa_cake":1,"minecraft:stone_sword":185,"handcrafted:fancy_painting":12,"minecraft:spruce_planks":73,"convenientdecor:umbrella_stand":2,"bewitchment:mandrake_seeds":12,"minecraft:stone_hoe":189,"handcrafted:salmon_trophy":2,"minecraft:torch":168,"minecraft:dirt":22,"minecraft:oak_wood":1,"handcrafted:oak_counter":2,"handcrafted:wood_crockery_combo":5,"handcrafted:spruce_table":25,"minecraft:dark_oak_planks":4,"minecraft:stone_brick_slab":9,"wizards:wand_netherite_arcane":1,"minecraft:wooden_axe":16,"wizards:wizard_robe_legs":1,"minecraft:iron_boots":1,"minecraft:barrel":3,"wilderwild:coconut":32,"enchanted:mandrake_seeds":1,"handcrafted:oak_dining_bench":5,"minecraft:iron_trapdoor":1,"handcrafted:berry_jam_jar":1,"minecraft:trapped_chest":2,"medievalweapons:wooden_small_axe":8,"bountifulfares:mangrove_trellis":41,"minecraft:wheat_seeds":207,"minecraft:water_bucket":9,"bountifulfares:orange_block":2,"minecraft:polished_andesite":1,"minecraft:baked_potato":2,"bountifulfares:spongekin_seeds":1,"mcdw:gauntlet_maulers":4,"handcrafted:spider_trophy":1,"minecraft:orange_carpet":7,"betterarcheology:chicken_fossil_body":5,"minecraft:crafting_table":6,"bountifulfares:sweet_berry_tart":3,"bewitchment:cyan_coffin":1,"minecraft:painting":22,"betterarcheology:villager_fossil_body":6,"minecraft:spruce_log":125,"bountifulfares:spongekin_slice":6,"bewitchment:belladonna_seeds":6,"minecraft:iron_pickaxe":91,"prefabricated:item_swift_blade_iron":548,"handcrafted:oven":7,"handcrafted:blaze_trophy":2,"minecraft:stone_axe":290,"minecraft:blue_carpet":3,"immersive_armors:wooden_boots":2,"minecraft:fishing_rod":3,"minecraft:cobblestone":20,"convenientdecor:red_leaf_pile":21,"minecraft:cooked_porkchop":4,"bountifulfares:hoary_apple_block":1,"minecraft:bucket":4,"handcrafted:lime_cushion":5,"betterarcheology:villager_fossil":1,"minecraft:stripped_oak_log":1,"immersive_armors:wooden_leggings":3,"enchanted:wolfsbane_seeds":18,"minecraft:chainmail_leggings":1},"minecraft:crafted":{"minecraft:oak_planks":4,"minecraft:birch_slab":12,"wizards:wand_novice":3,"minecraft:chest":76,"surface:farming_witch_recipe":1,"immersive_armors:bone_chestplate":1,"wildlife:cooked_catfish":3,"immersive_armors:bone_leggings":1,"minecraft:cooked_porkchop":11,"minecraft:crafting_table":1,"runes:fire_stone":98,"bloomingnature:fan_palm_planks":20,"minecraft:birch_planks":36,"inmis:plated_backpack":3,"minecraft:stick":16,"minecraft:stone_sword":1,"wilderwild:cooked_crab_claw":0,"immersive_armors:bone_boots":1,"minecraft:cookie":432,"minecraft:furnace":5,"minecraft:bone_meal":36,"minecraft:stone_pickaxe":1,"minecraft:dark_oak_planks":596,"minecraft:stone_axe":3,"minecraft:bread":264,"minecraft:air":0,"immersive_armors:bone_helmet":1,"minecraft:birch_trapdoor":2,"soulsweapons:sting":2,"minecraft:torch":4},"minecraft:dropped":{"minecraft:dark_oak_sapling":8,"minecraft:cooked_porkchop":4,"minecraft:cookie":64,"wilderwild:datura":4,"minecraft:leather_helmet":1,"minecraft:red_mushroom":8,"artifacts:vampiric_glove":1,"sophisticatedbackpacks:gold_backpack":2,"bloomingnature:fan_palm_log":4,"minecraft:dark_oak_log":149,"immersive_armors:wooden_leggings":3,"bountifulfares:spongekin_slice":4,"minecraft:sand":1,"surface:farming_witch_recipe":1,"minecraft:bone":7,"minecraft:gravel":8,"convenientdecor:red_leaf_pile":13,"immersive_armors:wooden_boots":1,"minecraft:rotten_flesh":1,"prefabricated:item_swift_blade_stone":1,"wilderwild:cooked_crab_claw":1,"minecraft:chainmail_chestplate":1,"wilderwild:crab_claw":8,"minecraft:gunpowder":52,"bloomingnature:daphne":1,"minecraft:leather_boots":2,"minecraft:chainmail_boots":1,"minecraft:arrow":89,"minecraft:water_bucket":2,"minecraft:wheat_seeds":3,"enchanted:wolfsbane_seeds":1,"minecraft:iron_helmet":1,"minecraft:cobblestone":99,"convenientdecor:leaf_pile":2,"bloomingnature:beach_bush_tall":5,"bountifulfares:grass_seeds":2,"bloomingnature:beach_grass":1,"minecraft:chainmail_helmet":1,"immersive_armors:warrior_leggings":1,"minecraft:coal":128,"inmis:plated_backpack":2,"minecraft:torch":4,"enchanted:water_artichoke_seeds":1,"minecraft:chainmail_leggings":3,"minecraft:string":1,"prefabricated:item_house":2,"minecraft:tripwire_hook":1,"minecraft:gray_carpet":1,"minecraft:redstone":13,"minecraft:furnace":1,"soulsweapons:sting":3,"minecraft:iron_boots":2,"minecraft:lily_of_the_valley":1,"minecraft:oak_sapling":3,"minecraft:spider_eye":2,"minecraft:bow":2}},"DataVersion":3465}