{"stats":{"minecraft:custom":{"minecraft:interact_with_crafting_table":51,"minecraft:open_barrel":125,"minecraft:bell_ring":8,"minecraft:eat_cake_slice":8,"minecraft:leave_game":10,"minecraft:time_since_death":46835,"minecraft:sprint_one_cm":1629528,"minecraft:damage_blocked_by_shield":624,"minecraft:drop":204,"minecraft:talked_to_villager":15,"minecraft:play_time":794171,"minecraft:deaths":20,"minecraft:jump":7896,"minecraft:walk_on_water_one_cm":72472,"minecraft:interact_with_furnace":24,"minecraft:traded_with_villager":69,"minecraft:sleep_in_bed":12,"minecraft:damage_dealt":93618,"minecraft:player_kills":2,"minecraft:crouch_one_cm":130464,"minecraft:mob_kills":467,"minecraft:damage_dealt_resisted":100,"minecraft:climb_one_cm":48785,"minecraft:walk_one_cm":1103107,"minecraft:damage_dealt_absorbed":121,"minecraft:raid_win":1,"minecraft:sneak_time":47980,"minecraft:walk_under_water_one_cm":142673,"minecraft:boat_one_cm":671039,"minecraft:interact_with_lectern":1,"minecraft:total_world_time":794171,"minecraft:time_since_rest":46914,"minecraft:damage_taken":14416,"minecraft:trigger_trapped_chest":16,"minecraft:swim_one_cm":241754,"minecraft:fly_one_cm":2715472,"minecraft:open_chest":200,"minecraft:fall_one_cm":162002},"minecraft:crafted":{"minecraft:oak_planks":4,"minecraft:birch_slab":12,"wizards:wand_novice":3,"minecraft:chest":76,"surface:farming_witch_recipe":1,"immersive_armors:bone_chestplate":1,"wildlife:cooked_catfish":3,"immersive_armors:bone_leggings":1,"minecraft:cooked_porkchop":11,"minecraft:crafting_table":1,"runes:fire_stone":98,"bloomingnature:fan_palm_planks":20,"minecraft:birch_planks":36,"inmis:plated_backpack":3,"minecraft:stick":16,"minecraft:stone_sword":1,"wilderwild:cooked_crab_claw":0,"immersive_armors:bone_boots":1,"minecraft:cookie":432,"minecraft:furnace":5,"minecraft:bone_meal":36,"minecraft:stone_pickaxe":1,"minecraft:dark_oak_planks":596,"prefabricated:item_swift_blade_iron":2,"minecraft:stone_axe":3,"minecraft:bread":264,"minecraft:air":0,"immersive_armors:bone_helmet":1,"minecraft:birch_trapdoor":2,"soulsweapons:sting":2,"minecraft:torch":4},"minecraft:broken":{"minecraft:iron_boots":1,"minecraft:stone_pickaxe":2,"minecraft:stone_axe":1,"minecraft:iron_sword":1,"minecraft:iron_helmet":1},"minecraft:dropped":{"minecraft:iron_sword":1,"mcdw:gauntlet_maulers":2,"minecraft:porkchop":2,"bloomingnature:fan_palm_planks":17,"minecraft:chorus_fruit":1,"minecraft:diamond":1,"minecraft:cooked_porkchop":4,"minecraft:dark_oak_sapling":8,"minecraft:crossbow":1,"minecells:vine_rune":1,"minecraft:cookie":64,"minecraft:lantern":2,"minecells:arcane_goo":2,"wilderwild:datura":4,"minecells:putrid_sapling":1,"minecells:monsters_eye":4,"minecraft:leather_helmet":1,"minecraft:red_mushroom":8,"artifacts:vampiric_glove":1,"minecraft:emerald":3,"sophisticatedbackpacks:gold_backpack":2,"bloomingnature:fan_palm_log":4,"minecraft:dirt":23,"minecells:infected_flesh":34,"minecraft:dark_oak_log":223,"bountifulfares:spongekin_slice":4,"immersive_armors:wooden_leggings":3,"minecells:throwing_knife":17,"minecraft:horn_coral":3,"minecraft:chain":22,"minecraft:gold_nugget":5,"minecraft:sand":1,"minecraft:dark_oak_planks":3,"surface:farming_witch_recipe":1,"msmlegacy:relic_key_blade":1,"minecraft:fishing_rod":1,"minecraft:gold_ingot":10,"minecraft:bone":9,"minecraft:gravel":8,"wildlife:raw_shrimp":1,"minecraft:stone_axe":1,"minecraft:compass":1,"convenientdecor:red_leaf_pile":13,"minecraft:iron_nugget":17,"mcdw:glaive_cackling_broom":1,"immersive_armors:wooden_boots":2,"basicweapons:iron_dagger":1,"minecraft:rotten_flesh":45,"wilderwild:cooked_crab_claw":1,"prefabricated:item_swift_blade_stone":1,"wizards:wand_novice":4,"minecraft:chainmail_chestplate":2,"wilderwild:crab_claw":8,"minecraft:gunpowder":66,"bloomingnature:daphne":1,"minecraft:leather_boots":2,"minecraft:chainmail_boots":2,"minecraft:arrow":238,"minecraft:enchanted_book":4,"minecraft:water_bucket":2,"minecraft:iron_ingot":14,"minecraft:bread":66,"minecraft:wheat_seeds":3,"enchanted:wolfsbane_seeds":1,"minecells:promenade_dimensional_rune":1,"minecraft:iron_helmet":1,"minecraft:cobblestone":157,"minecells:cell_infused_steel":3,"convenientdecor:leaf_pile":2,"prefabricated:item_swift_blade_iron":2,"minecraft:apple":3,"bloomingnature:beach_bush_tall":5,"bountifulfares:grass_seeds":2,"bloomingnature:beach_grass":1,"minecraft:copper_ingot":1,"immersive_armors:warrior_leggings":1,"minecraft:chainmail_helmet":2,"minecraft:coal":128,"minecraft:stick":13,"inmis:plated_backpack":4,"immersive_armors:bone_leggings":2,"minecraft:torch":68,"minecells:explosive_bulb":11,"minecraft:melon_slice":6,"minecells:metal_shards":7,"enchanted:water_artichoke_seeds":1,"minecraft:chainmail_leggings":6,"minecraft:paper":21,"minecraft:string":1,"prefabricated:item_house":2,"minecraft:tripwire_hook":1,"minecraft:gray_carpet":1,"minecells:multiple_nocks_bow":1,"minecraft:redstone":13,"minecraft:furnace":1,"runes:fire_stone":381,"minecraft:bubble_coral":8,"friendsandfoes:totem_of_freezing":1,"wildlife:raw_rainbow_trout":1,"soulsweapons:sting":3,"minecraft:iron_boots":6,"minecells:monster_cell":57,"minecraft:lily_of_the_valley":1,"minecraft:shield":2,"minecraft:oak_sapling":3,"minecells:guts":44,"minecraft:spider_eye":3,"minecells:health_flask":4,"minecraft:bow":3,"minecraft:stone_pickaxe":1},"minecraft:used":{"fwaystones:waystone":1,"handcrafted:evoker_trophy":2,"minecells:king_statue":2,"minecraft:light_gray_stained_glass_pane":50,"minecraft:spruce_slab":6,"minecraft:shield":7,"wilderwild:cooked_crab_claw":1,"minecraft:white_concrete_powder":151,"minecraft:chest":67,"minecraft:decorated_pot":1,"minecraft:iron_sword":275,"wizards:wizard_robe_head":1,"enchanted:belladonna_seeds":25,"enchanted:garlic":5,"minecraft:bell":3,"minecraft:player_head":1,"minecraft:rotten_flesh":2,"handcrafted:stackable_book":37,"minecraft:iron_chestplate":1,"handcrafted:oak_side_table":1,"bewitchment:iron_candelabra":7,"handcrafted:oak_nightstand":12,"handcrafted:bear_trophy":2,"minecraft:spruce_wood":7,"minecraft:grass_block":1,"minecraft:lantern":18,"minecraft:iron_helmet":1,"minecraft:dark_oak_slab":195,"minecraft:stone_brick_stairs":43,"minecraft:birch_trapdoor":1,"basicweapons:iron_quarterstaff":14,"minecraft:bow":142,"minecraft:furnace":6,"minecraft:gray_bed":2,"convenientdecor:red_raincoat":1,"handcrafted:acacia_fancy_bed":1,"minecraft:potato":41,"minecraft:dark_oak_sapling":13,"betterarcheology:villager_fossil_head":2,"bewitchment:garlic":9,"bloomingnature:fan_palm_planks":3,"minecraft:stone_pickaxe":357,"convenientdecor:copper_weather_vane":2,"handcrafted:yellow_crockery_combo":11,"betterarcheology:creeper_fossil_head":4,"minecraft:gray_carpet":6,"minecraft:oak_planks":40,"minecraft:wooden_pickaxe":17,"minecraft:chainmail_helmet":2,"convenientdecor:leaf_pile":65,"handcrafted:oak_bench":10,"handcrafted:black_cushion":1,"smallships:oak_cog":2,"handcrafted:oak_corner_trim":10,"handcrafted:acacia_couch":8,"minecraft:sand":49,"handcrafted:blue_cup":1,"wizards:wand_novice":8,"bewitchment:aconite_seeds":15,"convenientdecor:brown_leaf_pile":34,"enchanted:snowbell_seeds":12,"mcdw:dagger_chill_gale_knife":11,"handcrafted:spruce_cupboard":3,"minecraft:dark_oak_log":15,"minecraft:birch_slab":14,"minecraft:bread":169,"bountifulfares:orange":1,"wilderwild:crab_claw":58,"minecraft:gravel":1,"handcrafted:blue_glazed_thick_pot":1,"convenientdecor:black_plastic_shovel":5,"handcrafted:terracotta_thick_pot":1,"minecraft:wooden_sword":56,"handcrafted:oak_fancy_bed":12,"immersive_armors:bone_leggings":1,"minecraft:dark_oak_fence":44,"minecraft:birch_log":2,"adventurez:piglin_flag":1,"handcrafted:creeper_trophy":1,"minecraft:bone_meal":30,"minecraft:experience_bottle":117,"handcrafted:witch_trophy":3,"soulsweapons:sting":31,"handcrafted:kitchen_hood":4,"bountifulfares:cocoa_cake":1,"minecraft:stone_sword":185,"handcrafted:fancy_painting":12,"minecraft:spruce_planks":73,"convenientdecor:umbrella_stand":2,"bewitchment:mandrake_seeds":30,"handcrafted:salmon_trophy":2,"minecraft:torch":173,"minecraft:stone_hoe":189,"minecraft:dirt":30,"minecraft:anvil":1,"minecraft:oak_wood":1,"mcdw:dagger_fangs_of_frost":126,"handcrafted:oak_counter":2,"handcrafted:wood_crockery_combo":5,"handcrafted:spruce_table":25,"minecraft:dark_oak_planks":4,"minecraft:stone_brick_slab":9,"wizards:wand_netherite_arcane":1,"minecraft:wooden_axe":16,"wizards:wizard_robe_legs":1,"smallships:oak_drakkar":2,"minecraft:iron_boots":1,"wilderwild:coconut":32,"minecraft:barrel":3,"enchanted:mandrake_seeds":1,"handcrafted:oak_dining_bench":5,"minecraft:iron_trapdoor":1,"minecraft:trapped_chest":2,"handcrafted:berry_jam_jar":1,"minecraft:beetroot_soup":1,"medievalweapons:wooden_small_axe":8,"minecraft:iron_leggings":1,"bountifulfares:mangrove_trellis":41,"minecraft:wheat_seeds":207,"minecraft:water_bucket":9,"bountifulfares:orange_block":2,"minecraft:polished_andesite":1,"minecraft:baked_potato":2,"bountifulfares:spongekin_seeds":1,"mcdw:gauntlet_maulers":4,"handcrafted:spider_trophy":1,"minecraft:orange_carpet":7,"betterarcheology:chicken_fossil_body":5,"minecraft:crafting_table":6,"bountifulfares:sweet_berry_tart":3,"bewitchment:cyan_coffin":1,"minecraft:white_bed":1,"smallships:oak_brigg":1,"minecraft:painting":22,"betterarcheology:villager_fossil_body":6,"minecraft:spruce_log":125,"bountifulfares:spongekin_slice":6,"bewitchment:belladonna_seeds":6,"minecraft:iron_pickaxe":91,"prefabricated:item_swift_blade_iron":1016,"minecraft:map":1,"handcrafted:oven":7,"handcrafted:blaze_trophy":2,"minecraft:stone_axe":290,"minecraft:blue_carpet":3,"immersive_armors:wooden_boots":2,"minecraft:fishing_rod":3,"minecraft:cobblestone":59,"convenientdecor:red_leaf_pile":21,"minecraft:cooked_porkchop":4,"bountifulfares:hoary_apple_block":1,"minecraft:bucket":4,"basicweapons:iron_spear":1,"handcrafted:lime_cushion":5,"betterarcheology:villager_fossil":1,"minecraft:stripped_oak_log":1,"immersive_armors:wooden_leggings":3,"enchanted:wolfsbane_seeds":18,"minecraft:chainmail_leggings":2},"minecraft:mined":{"minecraft:dark_oak_planks":4,"minecraft:blue_carpet":2,"minecraft:spruce_planks":1,"minecraft:oak_sapling":1,"minecraft:grass_block":17,"minecraft:coal_block":6,"minecraft:frosted_ice":1,"convenientdecor:red_leaf_pile":16,"minecraft:iron_ore":40,"minecells:wilted_wall_leaves":1,"minecells:king_statue":2,"enchanted:mandrake":1,"minecraft:player_head":1,"bountifulfares:wild_passion_fruit_vine":3,"minecraft:player_wall_head":1,"handcrafted:stackable_book":14,"enchanted:belladonna":7,"minecraft:torch":4,"handcrafted:oak_side_table":1,"minecraft:melon":1,"minecraft:chest":1,"minecraft:mushroom_stem":2,"minecraft:cobblestone":1,"bountifulfares:spongekin":4,"bewitchment:belladonna":6,"minecraft:wall_torch":10,"wilderwild:red_shelf_fungus":1,"bloomingnature:begonie":1,"minecraft:birch_log":11,"minecraft:wheat":109,"minecraft:grass":20,"minecraft:oak_log":1,"minecraft:dark_oak_sapling":1,"minecraft:sand":108,"bloomingnature:fan_palm_planks":3,"minecraft:oak_leaves":11,"bloomingnature:beach_bush_tall":5,"soulsweapons:verglas_ore":3,"minecraft:light_gray_stained_glass_pane":1,"convenientdecor:brown_leaf_pile":12,"minecraft:dark_oak_log":271,"enchanted:wolfsbane":4,"minecraft:glow_lichen":1,"bountifulfares:hanging_orange":2,"minecraft:dark_oak_fence":6,"minecraft:decorated_pot":1,"minecraft:birch_slab":5,"minecraft:white_concrete_powder":1,"promenade:fulvous_maple_leaf_pile":1,"minecraft:furnace":2,"convenientdecor:leaf_pile":34,"wilderwild:pollen":1,"minecraft:bell":3,"minecraft:potatoes":13,"minecraft:vine":1,"minecraft:stone":145,"minecells:alchemy_equipment_1":1,"betterarcheology:chicken_fossil_body":3,"promenade:blunite":1,"enchanted:snowbell":4,"natures_spirit:lush_fern":1,"minecraft:crafting_table":4,"bewitchment:aconite":7,"minecraft:tall_grass":11,"bloomingnature:daphne":1,"minecraft:orange_carpet":8,"bewitchment:mandrake":20,"wilderwild:datura":1,"minecraft:gray_bed":2,"minecraft:birch_leaves":2,"minecraft:coal_ore":229,"bloomingnature:beach_grass":5,"minecraft:gravel":9,"minecraft:gray_carpet":6,"minecraft:cobweb":1,"minecraft:iron_trapdoor":1,"minecraft:fern":6},"minecraft:killed_by":{"minecraft:creeper":1,"minecraft:drowned":1,"minecraft:vindicator":2,"minecells:grenadier":3,"minecraft:vex":2,"variantsandventures:verdant":1,"minecraft:skeleton":3,"minecraft:guardian":1},"minecraft:killed":{"minecraft:witch":2,"minecraft:spider":9,"promenade:sunken_skeleton":29,"wildlife:stingray":1,"minecraft:cod":6,"minecraft:pufferfish":2,"naturalist:boar":2,"minecraft:skeleton":55,"minecraft:guardian":3,"friendsandfoes:glare":1,"minecraft:chicken":1,"minecraft:illusioner":3,"bloomingnature:boar":3,"minecells:leaping_zombie":65,"minecells:protector":10,"minecells:grenadier":22,"minecraft:tropical_fish":6,"minecraft:parrot":3,"naturalist:firefly":1,"wildlife:hammerhead_shark":2,"minecraft:creeper":25,"minecraft:pillager":23,"minecraft:zombie":37,"wilderwild:firefly":1,"wildlife:sparrow":2,"minecells:shieldbearer":13,"wildlife:mantaray":10,"minecraft:glow_squid":1,"minecraft:evoker":4,"minecraft:vex":3,"minecells:mutated_bat":5,"minecraft:vindicator":29,"minecells:undead_archer":15,"bloomingnature:turkey":1,"bewitchment:ghost":2,"naturalist:coral_snake":1,"naturalist:deer":1,"minecraft:drowned":6,"friendsandfoes:iceologer":1,"minecraft:husk":27,"minecells:runner":10,"variantsandventures:verdant":1,"wildlife:seaurchin":2,"enchanted:mandrake":1,"wildlife:lark":3,"minecraft:ravager":4,"minecraft:squid":1,"wilderwild:crab":3,"minecraft:player":1,"minecraft:villager":1,"minecraft:enderman":1,"bloomingnature:pelican":2},"minecraft:picked_up":{"minecraft:wooden_axe":1,"minecraft:iron_chestplate":6,"minecraft:wheat":112,"minecraft:chainmail_boots":3,"minecraft:iron_trapdoor":1,"minecraft:prismarine_shard":5,"enchanted:mandrake_root":1,"minecraft:enchanted_book":4,"natures_spirit:snapdragon":1,"minecraft:brewing_stand":1,"bloomingnature:fan_palm_log":4,"bloomingnature:mountain_laurel":2,"bountifulfares:grass_seeds":163,"bloomingnature:beach_grass":5,"minecraft:string":22,"wilderwild:split_coconut":60,"minecraft:iron_leggings":5,"minecraft:pufferfish":1,"minecraft:oak_sign":2,"minecraft:beetroot":2,"minecraft:gold_nugget":5,"bosses_of_mass_destruction:soul_star":4,"minecraft:bucket":1,"minecraft:spruce_planks":5,"inmis:plated_backpack":6,"bloomingnature:beach_bush_tall":5,"minecraft:bubble_coral":81,"minecraft:azalea":2,"minecraft:iron_pickaxe":3,"minecraft:melon_slice":48,"minecraft:coal_block":6,"minecraft:iron_boots":10,"minecraft:furnace":2,"minecells:guts":87,"minecraft:stick":43,"enchanted:wolfsbane_flower":4,"minecraft:birch_trapdoor":1,"cafesbirding:raw_bird_thigh":10,"minecraft:torch":225,"bewitchment:belladonna":5,"minecraft:spruce_stairs":4,"minecraft:porkchop":22,"msmlegacy:relic_key_blade":3,"smallships:oak_brigg":1,"minecraft:golden_chestplate":1,"wildlife:raw_rainbow_trout":3,"minecells:promenade_dimensional_rune":2,"minecraft:stone_sword":4,"mcdw:dagger_fangs_of_frost":8,"minecraft:rotten_flesh":187,"minecraft:tropical_fish":7,"minecells:cell_infused_steel":3,"bountifulfares:orange_log":1,"bewitchment:mandrake_root":19,"enchanted:belladonna_seeds":30,"minecraft:snowball":2,"wizards:wand_netherite_arcane":2,"minecraft:cod":6,"minecraft:cobblestone":504,"minecraft:birch_log":29,"immersive_armors:bone_helmet":2,"minecraft:feather":5,"minecraft:water_bucket":2,"minecraft:birch_slab":5,"minecraft:orange_carpet":7,"minecraft:potato":45,"mcdw:glaive_cackling_broom":2,"minecraft:horn_coral":94,"betterarcheology:chicken_fossil_body":3,"minecraft:dirt":95,"minecraft:lantern":2,"minecraft:leather_boots":2,"wizards:wand_novice":13,"minecraft:bone":70,"basicweapons:iron_spear":3,"minecraft:bow":10,"minecraft:wheat_seeds":413,"medievalweapons:wooden_small_axe":2,"minecraft:bell":5,"natures_spirit:gardenia":19,"minecraft:bamboo":5,"bloomingnature:freesia_pink":5,"minecraft:stone_hoe":3,"friendsandfoes:totem_of_freezing":3,"mcdw:dagger_chill_gale_knife":2,"enchanted:wolfsbane_seeds":21,"minecraft:poisonous_potato":1,"minecraft:sand":98,"minecraft:ink_sac":11,"minecraft:lily_of_the_valley":4,"minecells:metal_shards":17,"minecraft:dark_oak_log":476,"minecraft:barrel":3,"minecraft:dead_fire_coral":4,"wildlife:raw_stingray":2,"handcrafted:stackable_book":16,"immersive_armors:bone_boots":2,"minecraft:sugar":4,"minecraft:diamond":1,"minecells:explosive_bulb":24,"convenientdecor:brown_leaf_pile":22,"enchanted:snowbell_seeds":12,"minecraft:blue_ice":9,"minecraft:crossbow":9,"wilderwild:crab_claw":138,"minecraft:bone_meal":2,"soulsweapons:verglas":3,"minecraft:chainmail_helmet":3,"minecraft:emerald":104,"minecraft:bread":1127,"minecraft:rooted_dirt":2,"bewitchment:ectoplasm":3,"prefabricated:item_swift_blade_iron":19,"minecraft:oak_sapling":5,"minecraft:chorus_fruit":2,"minecells:throwing_knife":68,"minecraft:dark_oak_fence":6,"bountifulfares:spongekin_seeds":1,"sophisticatedbackpacks:gold_backpack":8,"minecraft:fishing_rod":2,"minecells:putrid_sapling":2,"minecraft:crafting_table":7,"minecraft:allium":2,"minecraft:chicken":2,"wizards:wizard_robe_feet":1,"naturalist:venison":3,"minecraft:brown_mushroom":87,"minecraft:wooden_pickaxe":4,"friendsandfoes:totem_of_illusion":3,"minecells:king_statue":2,"wildlife:raw_mantaray":10,"minecraft:chain":23,"promenade:blunite":1,"minecraft:shield":3,"minecraft:fire_coral":81,"minecraft:moss_carpet":1,"minecraft:wooden_sword":3,"artifacts:feral_claws":7,"minecraft:compass":1,"bloomingnature:begonie":1,"soulsweapons:sting":1,"wildlife:raw_shrimp":3,"immersive_armors:wooden_leggings":10,"minecells:vine_rune":1,"minecraft:player_head":7,"minecraft:iron_nugget":17,"minecraft:poppy":18,"minecraft:chest":11,"minecraft:birch_sapling":2,"bountifulfares:spongekin_slice":35,"minecraft:phantom_membrane":1,"natures_spirit:anemone":1,"minecraft:dark_oak_sapling":29,"minecraft:raw_iron":61,"immersive_armors:bone_chestplate":2,"minecraft:copper_ingot":1,"runes:fire_stone":1208,"minecells:monsters_eye":8,"enchanted:icy_needle":2,"minecells:arcane_goo":5,"artifacts:vampiric_glove":1,"minecraft:cookie":320,"minecraft:trident":1,"wilderwild:glory_of_the_snow":13,"minecraft:redstone":9,"minecraft:prismarine_crystals":2,"minecraft:blue_carpet":4,"minecraft:stone_pressure_plate":1,"minecraft:dark_oak_planks":65,"enchanted:water_artichoke_seeds":5,"wizards:wizard_robe_head":1,"immersive_armors:wooden_helmet":2,"minecraft:arrow":732,"bewitchment:garlic":9,"bountifulfares:orange":5,"minecraft:decorated_pot":1,"minecraft:pink_tulip":2,"enchanted:mandrake_seeds":5,"minecraft:saddle":5,"minecraft:gold_ingot":13,"minecraft:totem_of_undying":10,"wizards:staff_wizard":5,"mcdw:gauntlet_maulers":2,"wilderwild:datura":7,"enchanted:belladonna_flower":5,"basicweapons:iron_quarterstaff":4,"immersive_armors:bone_leggings":4,"minecraft:glow_ink_sac":12,"minecraft:tripwire_hook":1,"minecraft:red_mushroom":33,"minecraft:mushroom_stew":1,"minecraft:oak_log":1,"minecraft:chainmail_chestplate":3,"surface:farming_witch_recipe":1,"prefabricated:item_house":2,"bountifulfares:orange_sapling":2,"minecraft:gunpowder":53,"bewitchment:aconite_seeds":23,"minecraft:paper":34,"minecraft:white_banner":7,"minecells:health_flask":4,"bountifulfares:passion_fruit":6,"immersive_armors:warrior_leggings":2,"minecraft:gray_carpet":6,"minecraft:apple":10,"bewitchment:aconite":7,"bewitchment:mandrake_seeds":40,"minecraft:iron_ingot":21,"minecraft:stone_pickaxe":9,"convenientdecor:leaf_pile":35,"minecraft:cobweb":1,"minecraft:gray_bed":2,"minecraft:iron_sword":10,"wilderwild:milkweed":2,"bloomingnature:fan_palm_planks":36,"wilderwild:carnation":8,"minecells:monster_cell":140,"minecraft:dandelion":25,"minecells:infected_flesh":87,"enchanted:garlic":8,"minecraft:gravel":9,"bewitchment:belladonna_seeds":17,"smallships:oak_drakkar":2,"convenientdecor:red_leaf_pile":46,"minecraft:spider_eye":11,"minecraft:leather_helmet":1,"bountifulfares:sweet_berry_tart":1,"minecells:multiple_nocks_bow":1,"minecraft:white_concrete_powder":4,"minecraft:stone_axe":6,"minecraft:chainmail_leggings":10,"immersive_armors:wooden_chestplate":4,"minecraft:iron_helmet":5,"betterarcheology:creeper_fossil_head":1,"cafesbirding:parrot_feather":12,"bloomingnature:daphne":4,"surface:mandrake":4,"minecraft:baked_potato":3,"medievalweapons:stone_rapier":1,"immersive_armors:wooden_boots":8,"minecraft:coal":485}},"DataVersion":3465}