{"stats":{"minecraft:killed_by":{"bosses_of_mass_destruction:obsidilith":1},"minecraft:used":{"msmlegacy:vampiric_blade":11,"minecraft:moss_block":4,"wizards:fire_robe_legs":1,"soulsweapons:darkin_blade":37,"wizards:fire_robe_chest":1,"frostiful:frost_wand":1,"msmlegacy:aethers_guard":2,"msmlegacy:relic_adminium_ark":4,"convenientdecor:brown_umbrella":4,"adventurez:prime_eye":2,"cafesbirding:jackdaw_egg":1,"soulsweapons:frost_giant_spawn_egg":1,"fwaystones:red_nether_brick_waystone":1,"convenientdecor:pink_plastic_shovel":1,"cafesbirding:sparrow_spawn_egg":2,"msmlegacy:relic_infinity_blade":11,"minecraft:lava_bucket":1,"soulsweapons:darkin_scythe":51,"wizards:fire_robe_head":1,"cafesbirding:jackdaw_spawn_egg":1,"soulsweapons:chungus_monolith":1,"msmlegacy:wither_bane":2,"cafesbirding:capercaillie_egg":1,"soulsweapons:soul_ingot_boots":1,"handcrafted:kitchen_hood_pipe":2,"soulsweapons:evil_forlorn_spawn_egg":1,"soulsweapons:soul_ingot_chestplate":1,"wilderwild:coconut":24,"soulsweapons:gatling_gun":57,"wizards:fire_robe_feet":1,"handcrafted:jungle_couch":8,"msmlegacy:draconic_blade":5,"soulsweapons:soul_ingot_helmet":1,"soulsweapons:soul_ingot_leggings":1,"soulsweapons:withered_demon_spawn_egg":1,"msmlegacy:relic_key_blade":2,"minecraft:enchanted_golden_apple":5},"minecraft:mined":{"minecraft:grass_block":1,"minecraft:moss_block":24,"bosses_of_mass_destruction:vine_wall":3,"bosses_of_mass_destruction:void_blossom":4,"minecraft:birch_leaves":1,"minecraft:sand":2},"minecraft:picked_up":{"minecraft:lilac":1,"minecraft:leather":4,"minecraft:gunpowder":1,"minecraft:dirt":1,"minecraft:string":3,"wilderwild:split_coconut":29,"minecraft:bone":1,"adventurez:raw_venison":4,"minecraft:glass_bottle":1,"minecraft:moss_block":17,"minecraft:egg":1,"bosses_of_mass_destruction:crystal_fruit":2,"wizards:fire_robe_feet":1,"minecraft:porkchop":2,"minecraft:sand":2,"bosses_of_mass_destruction:void_thorn":2,"minecraft:spider_eye":1,"minecraft:arrow":1,"minecraft:rotten_flesh":7,"wizards:fire_robe_chest":1,"wilderwild:crab_claw":1,"frostiful:wolf_fur_tuft":2,"minecraft:emerald":1,"minecraft:mutton":12,"minecraft:white_wool":6},"minecraft:custom":{"minecraft:mob_kills":26,"minecraft:leave_game":9,"minecraft:time_since_death":15865,"minecraft:damage_resisted":1401,"minecraft:time_since_rest":15956,"minecraft:sprint_one_cm":61968,"minecraft:walk_one_cm":73505,"minecraft:damage_taken":5397,"minecraft:damage_absorbed":640,"minecraft:damage_dealt":9524,"minecraft:talked_to_villager":1,"minecraft:fly_one_cm":398579,"minecraft:crouch_one_cm":1470,"minecraft:play_time":39654,"minecraft:deaths":1,"minecraft:sneak_time":926,"minecraft:walk_under_water_one_cm":117,"minecraft:jump":421,"minecraft:walk_on_water_one_cm":373,"minecraft:total_world_time":39654,"minecraft:fall_one_cm":8206},"minecraft:killed":{"minecraft:pig":1,"minecraft:witch":1,"minecraft:zombie_villager":1,"minecraft:spider":2,"bosses_of_mass_destruction:void_blossom":1,"minecraft:creeper":2,"minecraft:sheep":7,"minecraft:horse":1,"minecraft:skeleton":2,"adventurez:deer":2,"minecraft:zombie":2,"minecraft:drowned":1,"wilderwild:crab":1,"minecraft:cow":1}},"DataVersion":3465}