{
  "rpg_series:root": {
    "criteria": {
      "always": "2024-07-04 21:19:40 +0000"
    },
    "done": true
  },
  "stellarity:cursed_tome/root": {
    "criteria": {
      "requirement": "2024-07-04 21:19:40 +0000"
    },
    "done": true
  },
  "minecraft:recipes/decorations/crafting_table": {
    "criteria": {
      "unlock_right_away": "2024-07-04 21:19:40 +0000"
    },
    "done": true
  },
  "vanilla_refresh:player/end_teleport": {
    "criteria": {
      "s3": "2024-07-04 21:19:40 +0000"
    },
    "done": false
  },
  "stellarity:dragons_den/cursed_tome/root": {
    "criteria": {
      "requirement": "2024-07-04 21:19:40 +0000"
    },
    "done": true
  },
  "dungeons_arise:wda_root": {
    "criteria": {
      "WDA": "2024-07-04 21:19:40 +0000"
    },
    "done": true
  },
  "surface:root": {
    "criteria": {
      "requirement": "2024-07-04 21:19:40 +0000"
    },
    "done": true
  },
  "betterdeserttemples:root": {
    "criteria": {
      "always": "2024-07-04 21:19:40 +0000"
    },
    "done": true
  },
  "vanilla_refresh:player/tick": {
    "criteria": {
      "s": "2024-07-04 21:19:40 +0000"
    },
    "done": true
  },
  "vanilla_refresh:player/hurt": {
    "criteria": {
      "requirement": "2024-07-04 21:24:05 +0000"
    },
    "done": true
  },
  "minecraft:recipes/decorations/ladder": {
    "criteria": {
      "has_stick": "2024-07-04 21:26:50 +0000"
    },
    "done": true
  },
  "handcrafted:recipes/misc/oak_nightstand": {
    "criteria": {
      "has_oak_nightstand": "2024-07-04 21:27:20 +0000"
    },
    "done": true
  },
  "naturalist:recipes/food/cake": {
    "criteria": {
      "has_the_recipe": "2024-07-04 22:14:21 +0000"
    },
    "done": true
  },
  "mcdw:recipes/gauntlets/gauntlet_soul_fist": {
    "criteria": {
      "has_gold_ingot": "2024-07-04 21:33:58 +0000"
    },
    "done": true
  },
  "smallships:recipes/transportation/bamboo_galley": {
    "criteria": {
      "in_water": "2024-07-04 21:32:53 +0000"
    },
    "done": true
  },
  "bewitchment:recipes/decorations/birch_poppet_shelf": {
    "criteria": {
      "has_item": "2024-07-04 21:27:48 +0000"
    },
    "done": true
  },
  "bountifulfares:recipes/food/cocoa_cake": {
    "criteria": {
      "has_egg": "2024-07-04 22:14:21 +0000"
    },
    "done": true
  },
  "bountifulfares:recipes/food/apple_block": {
    "criteria": {
      "has_apple": "2024-07-04 21:28:41 +0000"
    },
    "done": true
  },
  "mcdw:recipes/crossbows/crossbow_slayer": {
    "criteria": {
      "has_string": "2024-07-04 21:49:38 +0000"
    },
    "done": true
  },
  "minecraft:recipes/food/cooked_chicken_from_campfire_cooking": {
    "criteria": {
      "has_chicken": "2024-07-04 22:30:49 +0000"
    },
    "done": true
  },
  "smallships:recipes/transportation/spruce_cog": {
    "criteria": {
      "in_water": "2024-07-04 21:32:53 +0000"
    },
    "done": true
  },
  "mcdw:recipes/bows/bow_green_menace": {
    "criteria": {
      "has_string": "2024-07-04 21:49:38 +0000"
    },
    "done": true
  },
  "smallships:recipes/transportation/acacia_cog": {
    "criteria": {
      "in_water": "2024-07-04 21:32:53 +0000"
    },
    "done": true
  },
  "bewitchment:recipes/transportation/juniper_boat": {
    "criteria": {
      "in_water": "2024-07-04 21:32:53 +0000"
    },
    "done": true
  },
  "minecraft:recipes/tools/golden_axe": {
    "criteria": {
      "has_gold_ingot": "2024-07-04 21:33:58 +0000"
    },
    "done": true
  },
  "bewitchment:recipes/decorations/golden_witch_altar": {
    "criteria": {
      "has_item": "2024-07-04 21:33:58 +0000"
    },
    "done": true
  },
  "minecraft:recipes/decorations/oak_sign": {
    "criteria": {
      "has_planks": "2024-07-04 21:27:20 +0000"
    },
    "done": true
  },
  "minecraft:recipes/tools/golden_pickaxe": {
    "criteria": {
      "has_gold_ingot": "2024-07-04 21:33:58 +0000"
    },
    "done": true
  },
  "bountifulfares:recipes/decorations/trellis": {
    "criteria": {
      "has_stick": "2024-07-04 21:26:50 +0000"
    },
    "done": true
  },
  "adventurez:recipes/chorus_fruit_on_a_stick_recipe": {
    "criteria": {
      "got_the_chorus_fruit": "2024-07-04 22:41:17 +0000"
    },
    "done": true
  },
  "enchanted:recipes/building_blocks/wicker_bundle": {
    "criteria": {
      "has_sapling": "2024-07-04 21:26:50 +0000"
    },
    "done": true
  },
  "mcdw:recipes/bows/bow_twin_bow": {
    "criteria": {
      "has_string": "2024-07-04 21:49:38 +0000"
    },
    "done": true
  },
  "minecraft:recipes/misc/gold_nugget": {
    "criteria": {
      "has_gold_ingot": "2024-07-04 21:33:58 +0000"
    },
    "done": true
  },
  "mcdw:recipes/bows/bow_masters_bow": {
    "criteria": {
      "has_string": "2024-07-04 21:49:38 +0000"
    },
    "done": true
  },
  "minecraft:recipes/tools/golden_shovel": {
    "criteria": {
      "has_gold_ingot": "2024-07-04 21:33:58 +0000"
    },
    "done": true
  },
  "minecraft:recipes/food/beetroot_soup": {
    "criteria": {
      "has_beetroot": "2024-07-04 21:37:44 +0000"
    },
    "done": true
  },
  "minecraft:recipes/food/golden_apple": {
    "criteria": {
      "has_gold_ingot": "2024-07-04 21:33:58 +0000"
    },
    "done": true
  },
  "handcrafted:recipes/misc/oak_fancy_bed": {
    "criteria": {
      "has_oak_fancy_bed": "2024-07-04 21:27:20 +0000"
    },
    "done": true
  },
  "natures_spirit:recipes/transportation/mahogany_boat": {
    "criteria": {
      "in_water": "2024-07-04 21:32:53 +0000"
    },
    "done": true
  },
  "bountifulfares:recipes/decorations/dark_oak_trellis": {
    "criteria": {
      "has_stick": "2024-07-04 21:26:50 +0000"
    },
    "done": true
  },
  "bountifulfares:recipes/tools/artisan_brush": {
    "criteria": {
      "has_gold_ingot": "2024-07-04 21:33:58 +0000"
    },
    "done": true
  },
  "minecraft:recipes/combat/golden_boots": {
    "criteria": {
      "has_gold_ingot": "2024-07-04 21:33:58 +0000"
    },
    "done": true
  },
  "minecraft:recipes/tools/wooden_axe": {
    "criteria": {
      "has_stick": "2024-07-04 21:26:50 +0000"
    },
    "done": true
  },
  "mcdw:recipes/daggers/dagger_the_beginning": {
    "criteria": {
      "has_gold_ingot": "2024-07-04 21:33:58 +0000"
    },
    "done": true
  },
  "bewitchment:recipes/decorations/dragons_blood_poppet_shelf": {
    "criteria": {
      "has_item": "2024-07-04 21:27:48 +0000"
    },
    "done": true
  },
  "naturalist:recipes/food/cooked_bass": {
    "criteria": {
      "has_bass": "2024-07-04 22:25:00 +0000"
    },
    "done": true
  },
  "smallships:recipes/transportation/jungle_cog": {
    "criteria": {
      "in_water": "2024-07-04 21:32:53 +0000"
    },
    "done": true
  },
  "bewitchment:recipes/tools/vampiric_poppet": {
    "criteria": {
      "has_item": "2024-07-04 21:36:08 +0000"
    },
    "done": true
  },
  "smallships:recipes/transportation/dark_oak_brigg": {
    "criteria": {
      "in_water": "2024-07-04 21:32:53 +0000"
    },
    "done": true
  },
  "enchanted:recipes/tools/arthana": {
    "criteria": {
      "has_gold_ingot": "2024-07-04 21:33:58 +0000"
    },
    "done": true
  },
  "mcdw:recipes/scythes/scythe_skull_scythe": {
    "criteria": {
      "has_bone": "2024-07-04 22:12:54 +0000"
    },
    "done": true
  },
  "minecraft:recipes/misc/map": {
    "criteria": {
      "has_compass": "2024-07-04 22:41:04 +0000"
    },
    "done": true
  },
  "minecraft:recipes/decorations/chest": {
    "criteria": {
      "has_lots_of_items": "2024-07-04 21:28:41 +0000"
    },
    "done": true
  },
  "mcdw:recipes/crossbows/crossbow_nautical_crossbow": {
    "criteria": {
      "has_gold_ingot": "2024-07-04 21:33:58 +0000"
    },
    "done": true
  },
  "mcdw:recipes/crossbows/crossbow_corrupted_crossbow": {
    "criteria": {
      "has_string": "2024-07-04 21:49:38 +0000"
    },
    "done": true
  },
  "minecraft:recipes/misc/stick": {
    "criteria": {
      "has_planks": "2024-07-04 21:27:20 +0000"
    },
    "done": true
  },
  "mcdw:recipes/bows/bow_wind_bow": {
    "criteria": {
      "has_string": "2024-07-04 21:49:38 +0000"
    },
    "done": true
  },
  "handcrafted:recipes/misc/oak_table": {
    "criteria": {
      "has_oak_table": "2024-07-04 21:27:20 +0000"
    },
    "done": true
  },
  "enchanted:recipes/misc/anointing_paste": {
    "criteria": {
      "has_belladonna_seeds": "2024-07-04 21:35:11 +0000"
    },
    "done": true
  },
  "naturalist:recipes/food/cooked_egg": {
    "criteria": {
      "has_eggs": "2024-07-04 21:24:28 +0000"
    },
    "done": true
  },
  "bewitchment:recipes/decorations/white_coffin": {
    "criteria": {
      "has_item": "2024-07-04 21:57:54 +0000"
    },
    "done": true
  },
  "minecraft:recipes/redstone/lectern": {
    "criteria": {
      "has_book": "2024-07-04 21:37:55 +0000"
    },
    "done": true
  },
  "mcdw:recipes/daggers/dagger_resolute_tempest_knife": {
    "criteria": {
      "has_gold_ingot": "2024-07-04 21:33:58 +0000"
    },
    "done": true
  },
  "smallships:recipes/transportation/birch_galley": {
    "criteria": {
      "in_water": "2024-07-04 21:32:53 +0000"
    },
    "done": true
  },
  "minecraft:adventure/sleep_in_bed": {
    "criteria": {
      "slept_in_bed": "2024-07-04 21:33:16 +0000"
    },
    "done": true
  },
  "mcdw:recipes/shields/shield_royal_guard": {
    "criteria": {
      "has_gold_ingot": "2024-07-04 21:33:58 +0000"
    },
    "done": true
  },
  "handcrafted:recipes/misc/oak_corner_trim": {
    "criteria": {
      "has_oak_corner_trim": "2024-07-04 21:27:20 +0000"
    },
    "done": true
  },
  "bewitchment:recipes/food/grotesque_stew": {
    "criteria": {
      "has_item": "2024-07-04 21:38:23 +0000"
    },
    "done": true
  },
  "bountifulfares:recipes/decorations/jungle_trellis": {
    "criteria": {
      "has_stick": "2024-07-04 21:26:50 +0000"
    },
    "done": true
  },
  "minecraft:recipes/transportation/cherry_boat": {
    "criteria": {
      "in_water": "2024-07-04 21:32:53 +0000"
    },
    "done": true
  },
  "minecraft:adventure/kill_all_mobs": {
    "criteria": {
      "minecraft:skeleton": "2024-07-04 22:07:47 +0000",
      "minecraft:spider": "2024-07-04 21:49:34 +0000",
      "minecraft:creeper": "2024-07-04 22:07:18 +0000",
      "minecraft:zombie": "2024-07-04 21:50:14 +0000"
    },
    "done": false
  },
  "mcdw:recipes/swords/sword_masters_katana": {
    "criteria": {
      "has_gold_ingot": "2024-07-04 21:33:58 +0000"
    },
    "done": true
  },
  "minecraft:recipes/combat/golden_chestplate": {
    "criteria": {
      "has_gold_ingot": "2024-07-04 21:33:58 +0000"
    },
    "done": true
  },
  "minecraft:recipes/misc/red_dye_from_poppy": {
    "criteria": {
      "has_poppy": "2024-07-04 22:27:23 +0000"
    },
    "done": true
  },
  "minecraft:recipes/redstone/tripwire_hook": {
    "criteria": {
      "has_string": "2024-07-04 21:49:38 +0000"
    },
    "done": true
  },
  "bountifulfares:recipes/food/meadow_medley": {
    "criteria": {
      "has_beetroot": "2024-07-04 21:37:44 +0000"
    },
    "done": true
  },
  "minecraft:recipes/building_blocks/packed_mud": {
    "criteria": {
      "has_mud": "2024-07-04 21:35:26 +0000"
    },
    "done": true
  },
  "bewitchment:recipes/decorations/spruce_poppet_shelf": {
    "criteria": {
      "has_item": "2024-07-04 21:27:48 +0000"
    },
    "done": true
  },
  "smallships:recipes/transportation/oak_drakkar": {
    "criteria": {
      "in_water": "2024-07-04 21:32:53 +0000"
    },
    "done": true
  },
  "minecraft:recipes/transportation/bamboo_raft": {
    "criteria": {
      "in_water": "2024-07-04 21:32:53 +0000"
    },
    "done": true
  },
  "handcrafted:recipes/misc/oak_drawer": {
    "criteria": {
      "has_oak_drawer": "2024-07-04 21:27:20 +0000"
    },
    "done": true
  },
  "smallships:recipes/transportation/mangrove_brigg": {
    "criteria": {
      "in_water": "2024-07-04 21:32:53 +0000"
    },
    "done": true
  },
  "mcdw:recipes/double_axes/double_axe_cursed": {
    "criteria": {
      "has_rotten_flesh": "2024-07-04 21:34:17 +0000"
    },
    "done": true
  },
  "mcdw:recipes/double_axes/double_axe_whirlwind": {
    "criteria": {
      "has_feather": "2024-07-04 21:37:59 +0000"
    },
    "done": true
  },
  "minecraft:recipes/misc/writable_book": {
    "criteria": {
      "has_book": "2024-07-04 21:37:55 +0000"
    },
    "done": true
  },
  "mcdw:recipes/crossbows/crossbow_scatter": {
    "criteria": {
      "has_oak_planks": "2024-07-04 21:27:20 +0000"
    },
    "done": true
  },
  "minecraft:recipes/decorations/candle": {
    "criteria": {
      "has_string": "2024-07-04 21:49:38 +0000"
    },
    "done": true
  },
  "minecraft:recipes/food/bread": {
    "criteria": {
      "has_wheat": "2024-07-04 21:36:03 +0000"
    },
    "done": true
  },
  "bountifulfares:recipes/food/golden_apple": {
    "criteria": {
      "has_the_recipe": "2024-07-04 21:33:58 +0000"
    },
    "done": true
  },
  "bewitchment:recipes/tools/protection_poppet": {
    "criteria": {
      "has_item": "2024-07-04 21:36:08 +0000"
    },
    "done": true
  },
  "bountifulfares:recipes/food/artisan_bread": {
    "criteria": {
      "has_egg": "2024-07-04 22:14:21 +0000"
    },
    "done": true
  },
  "stellarity:dragons_den/cursed_tome/items/unlock_sabrewing": {
    "criteria": {
      "requirement": "2024-07-04 22:12:54 +0000"
    },
    "done": true
  },
  "minecraft:recipes/building_blocks/hay_block": {
    "criteria": {
      "has_wheat": "2024-07-04 21:36:03 +0000"
    },
    "done": true
  },
  "mcdw:recipes/bows/bow_bubble_burster": {
    "criteria": {
      "has_gold_ingot": "2024-07-04 21:33:58 +0000"
    },
    "done": true
  },
  "minecraft:recipes/redstone/target": {
    "criteria": {
      "has_hay_block": "2024-07-04 21:36:08 +0000"
    },
    "done": true
  },
  "bewitchment:recipes/decorations/dark_oak_poppet_shelf": {
    "criteria": {
      "has_item": "2024-07-04 21:27:48 +0000"
    },
    "done": true
  },
  "handcrafted:recipes/misc/salmon_trophy": {
    "criteria": {
      "has_salmon_trophy": "2024-07-04 21:27:20 +0000"
    },
    "done": true
  },
  "smallships:recipes/transportation/jungle_brigg": {
    "criteria": {
      "in_water": "2024-07-04 21:32:53 +0000"
    },
    "done": true
  },
  "handcrafted:recipes/misc/silverfish_trophy": {
    "criteria": {
      "has_silverfish_trophy": "2024-07-04 21:27:20 +0000"
    },
    "done": true
  },
  "minecraft:recipes/redstone/light_weighted_pressure_plate": {
    "criteria": {
      "has_gold_ingot": "2024-07-04 21:33:58 +0000"
    },
    "done": true
  },
  "bewitchment:recipes/tools/mending_poppet": {
    "criteria": {
      "has_item": "2024-07-04 21:36:08 +0000"
    },
    "done": true
  },
  "soulsweapons:root": {
    "criteria": {
      "crafting_table": "2024-07-04 21:27:23 +0000"
    },
    "done": true
  },
  "mcdw:recipes/shields/shield_tower_guard": {
    "criteria": {
      "has_gold_ingot": "2024-07-04 21:33:58 +0000"
    },
    "done": true
  },
  "mcdw:recipes/bows/bow_bubble_bow": {
    "criteria": {
      "has_string": "2024-07-04 21:49:38 +0000"
    },
    "done": true
  },
  "mcdw:recipes/crossbows/crossbow_burst": {
    "criteria": {
      "has_string": "2024-07-04 21:49:38 +0000"
    },
    "done": true
  },
  "handcrafted:recipes/misc/oak_shelf": {
    "criteria": {
      "has_oak_shelf": "2024-07-04 21:27:20 +0000"
    },
    "done": true
  },
  "smallships:recipes/transportation/spruce_galley": {
    "criteria": {
      "in_water": "2024-07-04 21:32:53 +0000"
    },
    "done": true
  },
  "bewitchment:recipes/transportation/elder_boat": {
    "criteria": {
      "in_water": "2024-07-04 21:32:53 +0000"
    },
    "done": true
  },
  "handcrafted:recipes/misc/bear_trophy": {
    "criteria": {
      "has_bear_trophy": "2024-07-04 21:27:20 +0000"
    },
    "done": true
  },
  "smallships:recipes/transportation/birch_cog": {
    "criteria": {
      "in_water": "2024-07-04 21:32:53 +0000"
    },
    "done": true
  },
  "minecraft:recipes/misc/popped_chorus_fruit": {
    "criteria": {
      "has_chorus_fruit": "2024-07-04 22:41:17 +0000"
    },
    "done": true
  },
  "bewitchment:recipes/decorations/crimson_poppet_shelf": {
    "criteria": {
      "has_item": "2024-07-04 21:27:48 +0000"
    },
    "done": true
  },
  "wilderwild:recipes/transportation/cypress_boat": {
    "criteria": {
      "in_water": "2024-07-04 21:32:53 +0000"
    },
    "done": true
  },
  "mcdw:recipes/swords/sword_hawkbrand": {
    "criteria": {
      "has_emerald": "2024-07-04 21:33:58 +0000",
      "has_the_recipe": "2024-07-04 21:33:58 +0000"
    },
    "done": true
  },
  "smallships:recipes/transportation/mangrove_drakkar": {
    "criteria": {
      "in_water": "2024-07-04 21:32:53 +0000"
    },
    "done": true
  },
  "minecraft:recipes/food/cooked_porkchop": {
    "criteria": {
      "has_porkchop": "2024-07-04 22:21:48 +0000"
    },
    "done": true
  },
  "minecraft:recipes/building_blocks/oak_slab": {
    "criteria": {
      "has_planks": "2024-07-04 21:27:20 +0000"
    },
    "done": true
  },
  "natures_spirit:recipes/transportation/sugi_boat": {
    "criteria": {
      "in_water": "2024-07-04 21:32:53 +0000"
    },
    "done": true
  },
  "natures_spirit:recipes/transportation/joshua_boat": {
    "criteria": {
      "in_water": "2024-07-04 21:32:53 +0000"
    },
    "done": true
  },
  "bountifulfares:recipes/decorations/warped_trellis": {
    "criteria": {
      "has_stick": "2024-07-04 21:26:50 +0000"
    },
    "done": true
  },
  "mcdw:recipes/crossbows/crossbow_exploding": {
    "criteria": {
      "has_string": "2024-07-04 21:49:38 +0000"
    },
    "done": true
  },
  "smallships:recipes/misc/sail": {
    "criteria": {
      "in_water": "2024-07-04 21:32:53 +0000"
    },
    "done": true
  },
  "minecraft:recipes/misc/black_dye": {
    "criteria": {
      "has_ink_sac": "2024-07-04 21:37:58 +0000"
    },
    "done": true
  },
  "natures_spirit:adventure/collect_all_flowers": {
    "criteria": {
      "poppy": "2024-07-04 22:27:23 +0000",
      "lilac": "2024-07-04 22:32:35 +0000",
      "lotus_flower": "2024-07-04 22:33:46 +0000",
      "cornflower": "2024-07-04 22:27:33 +0000"
    },
    "done": false
  },
  "mcdw:recipes/crossbows/crossbow_feral_soul": {
    "criteria": {
      "has_string": "2024-07-04 21:49:38 +0000"
    },
    "done": true
  },
  "mcdw:recipes/shortbows/bow_shortbow": {
    "criteria": {
      "has_string": "2024-07-04 21:49:38 +0000"
    },
    "done": true
  },
  "surface:recipes/misc/surface_tome": {
    "criteria": {
      "has_dirt": "2024-07-04 21:25:25 +0000"
    },
    "done": true
  },
  "minecraft:recipes/decorations/campfire": {
    "criteria": {
      "has_stick": "2024-07-04 21:26:50 +0000"
    },
    "done": true
  },
  "minecraft:recipes/misc/red_dye_from_beetroot": {
    "criteria": {
      "has_beetroot": "2024-07-04 21:37:44 +0000"
    },
    "done": true
  },
  "frostiful:recipes/combat/armor/armored_ice_skates": {
    "criteria": {
      "has_fur_boots": "2024-07-04 21:24:28 +0000"
    },
    "done": true
  },
  "minecraft:recipes/tools/wooden_hoe": {
    "criteria": {
      "has_stick": "2024-07-04 21:26:50 +0000"
    },
    "done": true
  },
  "handcrafted:recipes/misc/oak_dining_bench": {
    "criteria": {
      "has_oak_dining_bench": "2024-07-04 21:27:20 +0000"
    },
    "done": true
  },
  "natures_spirit:recipes/transportation/ghaf_boat": {
    "criteria": {
      "in_water": "2024-07-04 21:32:53 +0000"
    },
    "done": true
  },
  "minecraft:recipes/food/cooked_chicken_from_smoking": {
    "criteria": {
      "has_chicken": "2024-07-04 22:30:49 +0000"
    },
    "done": true
  },
  "minecraft:recipes/redstone/oak_fence_gate": {
    "criteria": {
      "has_planks": "2024-07-04 21:27:20 +0000"
    },
    "done": true
  },
  "handcrafted:recipes/misc/oak_desk": {
    "criteria": {
      "has_oak_desk": "2024-07-04 21:27:20 +0000"
    },
    "done": true
  },
  "bountifulfares:recipes/food/orange_pie": {
    "criteria": {
      "has_egg": "2024-07-04 22:14:21 +0000"
    },
    "done": true
  },
  "bountifulfares:recipes/decorations/bamboo_trellis": {
    "criteria": {
      "has_stick": "2024-07-04 21:26:50 +0000"
    },
    "done": true
  },
  "minecraft:recipes/misc/charcoal": {
    "criteria": {
      "has_log": "2024-07-04 21:26:28 +0000"
    },
    "done": true
  },
  "natures_spirit:recipes/transportation/willow_boat": {
    "criteria": {
      "in_water": "2024-07-04 21:32:53 +0000"
    },
    "done": true
  },
  "surface:recipes/misc/rhino_horn": {
    "criteria": {
      "has_rhino_horn": "2024-07-04 21:54:28 +0000"
    },
    "done": true
  },
  "minecraft:recipes/food/cooked_salmon_from_campfire_cooking": {
    "criteria": {
      "has_salmon": "2024-07-04 22:35:33 +0000"
    },
    "done": true
  },
  "mcdw:recipes/shortbows/bow_mechanical_shortbow": {
    "criteria": {
      "has_string": "2024-07-04 21:49:38 +0000"
    },
    "done": true
  },
  "mcdw:recipes/bows/bow_haunted_bow": {
    "criteria": {
      "has_string": "2024-07-04 21:49:38 +0000"
    },
    "done": true
  },
  "mcdw:recipes/spears/spear_fortune": {
    "criteria": {
      "has_gold_ingot": "2024-07-04 21:33:58 +0000"
    },
    "done": true
  },
  "bountifulfares:recipes/tools/sun_hat": {
    "criteria": {
      "has_wheat": "2024-07-04 21:36:03 +0000"
    },
    "done": true
  },
  "bountifulfares:recipes/food/apple_stew": {
    "criteria": {
      "has_apple": "2024-07-04 21:28:41 +0000"
    },
    "done": true
  },
  "bountifulfares:recipes/food/candied_apple": {
    "criteria": {
      "has_apple": "2024-07-04 21:28:41 +0000"
    },
    "done": true
  },
  "mcdw:recipes/bows/bow_sabrewing": {
    "criteria": {
      "has_gold_ingot": "2024-07-04 21:33:58 +0000"
    },
    "done": true
  },
  "minecraft:recipes/redstone/oak_door": {
    "criteria": {
      "has_planks": "2024-07-04 21:27:20 +0000"
    },
    "done": true
  },
  "handcrafted:recipes/misc/goat_trophy": {
    "criteria": {
      "has_goat_trophy": "2024-07-04 21:27:20 +0000"
    },
    "done": true
  },
  "bountifulfares:recipes/decorations/cherry_trellis": {
    "criteria": {
      "has_stick": "2024-07-04 21:26:50 +0000"
    },
    "done": true
  },
  "bountifulfares:recipes/food/lapisberry_tart": {
    "criteria": {
      "has_egg": "2024-07-04 22:14:21 +0000"
    },
    "done": true
  },
  "minecraft:recipes/combat/golden_sword": {
    "criteria": {
      "has_gold_ingot": "2024-07-04 21:33:58 +0000"
    },
    "done": true
  },
  "minecraft:recipes/tools/wooden_shovel": {
    "criteria": {
      "has_stick": "2024-07-04 21:26:50 +0000"
    },
    "done": true
  },
  "promenade:recipes/crafting/vanilla_piles/poppy": {
    "criteria": {
      "has_flower": "2024-07-04 22:27:23 +0000"
    },
    "done": true
  },
  "smallships:recipes/transportation/acacia_galley": {
    "criteria": {
      "in_water": "2024-07-04 21:32:53 +0000"
    },
    "done": true
  },
  "minecraft:recipes/redstone/dispenser": {
    "criteria": {
      "has_bow": "2024-07-04 22:12:54 +0000"
    },
    "done": true
  },
  "bewitchment:recipes/decorations/jungle_poppet_shelf": {
    "criteria": {
      "has_item": "2024-07-04 21:27:48 +0000"
    },
    "done": true
  },
  "minecraft:recipes/building_blocks/gold_block": {
    "criteria": {
      "has_gold_ingot": "2024-07-04 21:33:58 +0000"
    },
    "done": true
  },
  "mcdw:recipes/bows/bow_echo_of_the_valley": {
    "criteria": {
      "has_gold_ingot": "2024-07-04 21:33:58 +0000"
    },
    "done": true
  },
  "bountifulfares:recipes/transportation/hoary_boat": {
    "criteria": {
      "in_water": "2024-07-04 21:32:53 +0000"
    },
    "done": true
  },
  "minecraft:recipes/transportation/acacia_boat": {
    "criteria": {
      "in_water": "2024-07-04 21:32:53 +0000"
    },
    "done": true
  },
  "minecraft:adventure/root": {
    "criteria": {
      "killed_something": "2024-07-04 21:27:47 +0000"
    },
    "done": true
  },
  "minecraft:recipes/misc/ender_eye": {
    "criteria": {
      "has_the_recipe": "2024-07-04 22:41:17 +0000"
    },
    "done": true
  },
  "mcdw:recipes/crossbows/crossbow_harp": {
    "criteria": {
      "has_gold_ingot": "2024-07-04 21:33:58 +0000"
    },
    "done": true
  },
  "mcdw:recipes/bows/bow_call_of_the_void": {
    "criteria": {
      "has_string": "2024-07-04 21:49:38 +0000"
    },
    "done": true
  },
  "minecraft:recipes/misc/blue_dye_from_cornflower": {
    "criteria": {
      "has_cornflower": "2024-07-04 22:27:33 +0000"
    },
    "done": true
  },
  "minecraft:recipes/redstone/slime_block": {
    "criteria": {
      "has_slime_ball": "2024-07-04 22:25:54 +0000"
    },
    "done": true
  },
  "handcrafted:recipes/misc/stackable_book": {
    "criteria": {
      "has_stackable_book": "2024-07-04 21:37:55 +0000"
    },
    "done": true
  },
  "minecraft:recipes/combat/wooden_sword": {
    "criteria": {
      "has_stick": "2024-07-04 21:26:50 +0000"
    },
    "done": true
  },
  "minecraft:recipes/building_blocks/oak_planks": {
    "criteria": {
      "has_logs": "2024-07-04 21:26:28 +0000"
    },
    "done": true
  },
  "natures_spirit:recipes/transportation/fir_boat": {
    "criteria": {
      "in_water": "2024-07-04 21:32:53 +0000"
    },
    "done": true
  },
  "bewitchment:recipes/decorations/golden_candelabra": {
    "criteria": {
      "has_item": "2024-07-04 21:33:58 +0000"
    },
    "done": true
  },
  "minecraft:recipes/combat/crossbow": {
    "criteria": {
      "has_string": "2024-07-04 21:49:38 +0000"
    },
    "done": true
  },
  "minecraft:recipes/food/cooked_porkchop_from_smoking": {
    "criteria": {
      "has_porkchop": "2024-07-04 22:21:48 +0000"
    },
    "done": true
  },
  "mcdw:recipes/bows/bow_web_bow": {
    "criteria": {
      "has_string": "2024-07-04 21:49:38 +0000"
    },
    "done": true
  },
  "minecraft:recipes/decorations/barrel": {
    "criteria": {
      "has_planks": "2024-07-04 21:27:20 +0000"
    },
    "done": true
  },
  "bountifulfares:recipes/decorations/acacia_trellis": {
    "criteria": {
      "has_stick": "2024-07-04 21:26:50 +0000"
    },
    "done": true
  },
  "mcdw:recipes/bows/bow_lost_souls": {
    "criteria": {
      "has_string": "2024-07-04 21:49:38 +0000"
    },
    "done": true
  },
  "frostiful:recipes/misc/snowflake_banner_pattern": {
    "criteria": {
      "has_packed_snowball": "2024-07-04 21:24:28 +0000"
    },
    "done": true
  },
  "mcdw:recipes/crossbows/crossbow_heavy": {
    "criteria": {
      "has_string": "2024-07-04 21:49:38 +0000"
    },
    "done": true
  },
  "bountifulfares:recipes/food/apple_pie": {
    "criteria": {
      "has_apple": "2024-07-04 21:28:41 +0000"
    },
    "done": true
  },
  "stellarity:cursed_tome/sabrewing": {
    "criteria": {
      "requirement": "2024-07-04 22:12:54 +0000"
    },
    "done": true
  },
  "mcdw:recipes/double_axes/double_axe_double": {
    "criteria": {
      "has_slime_ball": "2024-07-04 22:25:54 +0000"
    },
    "done": true
  },
  "bewitchment:recipes/tools/curse_poppet": {
    "criteria": {
      "has_item": "2024-07-04 21:36:08 +0000"
    },
    "done": true
  },
  "minecraft:recipes/misc/firework_rocket_simple": {
    "criteria": {
      "has_gunpowder": "2024-07-04 22:10:18 +0000"
    },
    "done": true
  },
  "mcdw:recipes/bows/bow_power_bow": {
    "criteria": {
      "has_string": "2024-07-04 21:49:38 +0000"
    },
    "done": true
  },
  "smallships:recipes/transportation/jungle_galley": {
    "criteria": {
      "in_water": "2024-07-04 21:32:53 +0000"
    },
    "done": true
  },
  "natures_spirit:recipes/transportation/cypress_boat": {
    "criteria": {
      "in_water": "2024-07-04 21:32:53 +0000"
    },
    "done": true
  },
  "smallships:recipes/transportation/dark_oak_galley": {
    "criteria": {
      "in_water": "2024-07-04 21:32:53 +0000"
    },
    "done": true
  },
  "naturalist:recipes/naturalist/glow_goop": {
    "criteria": {
      "has_glow_berries": "2024-07-04 22:37:46 +0000"
    },
    "done": true
  },
  "smallships:recipes/transportation/bamboo_brigg": {
    "criteria": {
      "in_water": "2024-07-04 21:32:53 +0000"
    },
    "done": true
  },
  "natures_spirit:recipes/misc/pink_dye_from_lotus_flower": {
    "criteria": {
      "has_lotus_flower": "2024-07-04 22:33:46 +0000"
    },
    "done": true
  },
  "mcdw:recipes/crossbows/crossbow_doom_crossbow": {
    "criteria": {
      "has_string": "2024-07-04 21:49:38 +0000"
    },
    "done": true
  },
  "enchanted:recipes/misc/bone_needle": {
    "criteria": {
      "has_bone": "2024-07-04 22:12:54 +0000"
    },
    "done": true
  },
  "mcdw:recipes/bows/bow_nocturnal_bow": {
    "criteria": {
      "has_string": "2024-07-04 21:49:38 +0000"
    },
    "done": true
  },
  "mcdw:recipes/bows/bow_burst_gale_bow": {
    "criteria": {
      "has_gold_ingot": "2024-07-04 21:33:58 +0000"
    },
    "done": true
  },
  "aquamirae:adventure/root": {
    "criteria": {
      "crafting_table": "2024-07-04 21:27:23 +0000"
    },
    "done": true
  },
  "smallships:recipes/transportation/spruce_drakkar": {
    "criteria": {
      "in_water": "2024-07-04 21:32:53 +0000"
    },
    "done": true
  },
  "mcdw:recipes/shortbows/bow_purple_storm": {
    "criteria": {
      "has_string": "2024-07-04 21:49:38 +0000"
    },
    "done": true
  },
  "handcrafted:recipes/misc/blaze_trophy": {
    "criteria": {
      "has_blaze_trophy": "2024-07-04 21:27:20 +0000"
    },
    "done": true
  },
  "naturalist:recipes/naturalist/bug_net": {
    "criteria": {
      "has_bamboo": "2024-07-04 22:29:17 +0000"
    },
    "done": true
  },
  "handcrafted:recipes/misc/oak_counter": {
    "criteria": {
      "has_oak_counter": "2024-07-04 21:27:20 +0000"
    },
    "done": true
  },
  "minecraft:recipes/building_blocks/oak_wood": {
    "criteria": {
      "has_log": "2024-07-04 21:26:28 +0000"
    },
    "done": true
  },
  "bewitchment:recipes/decorations/elder_poppet_shelf": {
    "criteria": {
      "has_item": "2024-07-04 21:27:48 +0000"
    },
    "done": true
  },
  "mcdw:recipes/bows/bow_phantom_bow": {
    "criteria": {
      "has_emerald": "2024-07-04 21:33:58 +0000"
    },
    "done": true
  },
  "minecraft:recipes/transportation/jungle_boat": {
    "criteria": {
      "in_water": "2024-07-04 21:32:53 +0000"
    },
    "done": true
  },
  "natures_spirit:recipes/transportation/redwood_boat": {
    "criteria": {
      "in_water": "2024-07-04 21:32:53 +0000"
    },
    "done": true
  },
  "mcdw:recipes/bows/bow_void_bow": {
    "criteria": {
      "has_string": "2024-07-04 21:49:38 +0000"
    },
    "done": true
  },
  "handcrafted:recipes/misc/wolf_trophy": {
    "criteria": {
      "has_wolf_trophy": "2024-07-04 21:27:20 +0000"
    },
    "done": true
  },
  "minecraft:recipes/misc/magenta_dye_from_lilac": {
    "criteria": {
      "has_lilac": "2024-07-04 22:32:35 +0000"
    },
    "done": true
  },
  "bewitchment:recipes/decorations/dragons_blood_chest": {
    "criteria": {
      "has_lots_of_items": "2024-07-04 21:28:41 +0000"
    },
    "done": true
  },
  "mcdw:recipes/crossbows/crossbow_auto": {
    "criteria": {
      "has_string": "2024-07-04 21:49:38 +0000"
    },
    "done": true
  },
  "medievalweapons:medieval_gold_recipes": {
    "criteria": {
      "medieval_gold_recipes": "2024-07-04 21:33:58 +0000"
    },
    "done": true
  },
  "minecraft:recipes/food/cake": {
    "criteria": {
      "has_egg": "2024-07-04 22:14:21 +0000"
    },
    "done": true
  },
  "mcdw:recipes/swords/sword_hawkbrand_vanilla_sword": {
    "criteria": {
      "has_emerald": "2024-07-04 21:33:58 +0000"
    },
    "done": true
  },
  "bewitchment:recipes/decorations/juniper_chest": {
    "criteria": {
      "has_lots_of_items": "2024-07-04 21:28:41 +0000"
    },
    "done": true
  },
  "mcdw:recipes/bows/bow_hunters_promise": {
    "criteria": {
      "has_feather": "2024-07-04 21:37:59 +0000"
    },
    "done": true
  },
  "smallships:recipes/transportation/oak_brigg": {
    "criteria": {
      "in_water": "2024-07-04 21:32:53 +0000"
    },
    "done": true
  },
  "bewitchment:recipes/transportation/dragons_blood_boat": {
    "criteria": {
      "in_water": "2024-07-04 21:32:53 +0000"
    },
    "done": true
  },
  "mcdw:recipes/crossbows/crossbow_butterfly": {
    "criteria": {
      "has_string": "2024-07-04 21:49:38 +0000"
    },
    "done": true
  },
  "adventurez:recipes/ender_flute_recipe": {
    "criteria": {
      "got_the_ender_pearl": "2024-07-04 22:41:17 +0000"
    },
    "done": true
  },
  "smallships:recipes/transportation/bamboo_cog": {
    "criteria": {
      "in_water": "2024-07-04 21:32:53 +0000"
    },
    "done": true
  },
  "bountifulfares:recipes/building_blocks/oak_pickets": {
    "criteria": {
      "has_planks": "2024-07-04 21:27:20 +0000"
    },
    "done": true
  },
  "bewitchment:recipes/decorations/juniper_poppet_shelf": {
    "criteria": {
      "has_item": "2024-07-04 21:27:48 +0000"
    },
    "done": true
  },
  "bountifulfares:bountiful_fares": {
    "criteria": {
      "consume_item": "2024-07-04 21:30:02 +0000"
    },
    "done": true
  },
  "promenade:recipes/crafting/vanilla_piles/cornflower": {
    "criteria": {
      "has_flower": "2024-07-04 22:27:33 +0000"
    },
    "done": true
  },
  "minecraft:recipes/building_blocks/bookshelf": {
    "criteria": {
      "has_book": "2024-07-04 21:37:55 +0000"
    },
    "done": true
  },
  "mcdw:recipes/crossbows/crossbow_slicer": {
    "criteria": {
      "has_string": "2024-07-04 21:49:38 +0000"
    },
    "done": true
  },
  "minecraft:recipes/redstone/oak_trapdoor": {
    "criteria": {
      "has_planks": "2024-07-04 21:27:20 +0000"
    },
    "done": true
  },
  "mcdw:recipes/longbows/bow_longbow": {
    "criteria": {
      "has_string": "2024-07-04 21:49:38 +0000"
    },
    "done": true
  },
  "bountifulfares:recipes/food/hoary_pie": {
    "criteria": {
      "has_egg": "2024-07-04 22:14:21 +0000"
    },
    "done": true
  },
  "bountifulfares:recipes/food/stone_stew": {
    "criteria": {
      "has_rotten_flesh": "2024-07-04 21:34:17 +0000"
    },
    "done": true
  },
  "bountifulfares:recipes/decorations/mangrove_trellis": {
    "criteria": {
      "has_stick": "2024-07-04 21:26:50 +0000"
    },
    "done": true
  },
  "minecraft:recipes/food/cooked_chicken": {
    "criteria": {
      "has_chicken": "2024-07-04 22:30:49 +0000"
    },
    "done": true
  },
  "mcdw:recipes/bows/bow_pink_scoundrel": {
    "criteria": {
      "has_string": "2024-07-04 21:49:38 +0000"
    },
    "done": true
  },
  "promenade:recipes/crafting/maple/boat": {
    "criteria": {
      "in_water": "2024-07-04 21:32:53 +0000"
    },
    "done": true
  },
  "bountifulfares:recipes/food/elderberry_tart": {
    "criteria": {
      "has_egg": "2024-07-04 22:14:21 +0000"
    },
    "done": true
  },
  "mcdw:recipes/shields/shield_vanguard": {
    "criteria": {
      "has_planks": "2024-07-04 21:27:20 +0000"
    },
    "done": true
  },
  "wilderwild:recipes/transportation/baobab_boat": {
    "criteria": {
      "in_water": "2024-07-04 21:32:53 +0000"
    },
    "done": true
  },
  "immersive_armors:recipes/misc/slime": {
    "criteria": {
      "has_item": "2024-07-04 22:25:54 +0000"
    },
    "done": true
  },
  "bewitchment:recipes/tools/voodoo_protection_poppet": {
    "criteria": {
      "has_item": "2024-07-04 21:36:08 +0000"
    },
    "done": true
  },
  "minecraft:recipes/combat/bow": {
    "criteria": {
      "has_string": "2024-07-04 21:49:38 +0000"
    },
    "done": true
  },
  "minecraft:recipes/misc/bowl": {
    "criteria": {
      "has_brown_mushroom": "2024-07-04 21:28:20 +0000"
    },
    "done": true
  },
  "mcdw:recipes/whips/whip_vine_whip": {
    "criteria": {
      "has_string": "2024-07-04 21:49:38 +0000"
    },
    "done": true
  },
  "bountifulfares:recipes/food/lemon_pie": {
    "criteria": {
      "has_egg": "2024-07-04 22:14:21 +0000"
    },
    "done": true
  },
  "bountifulfares:recipes/decorations/hoary_trellis": {
    "criteria": {
      "has_stick": "2024-07-04 21:26:50 +0000"
    },
    "done": true
  },
  "immersive_armors:recipes/misc/wooden": {
    "criteria": {
      "has_item": "2024-07-04 21:26:28 +0000"
    },
    "done": true
  },
  "bountifulfares:recipes/transportation/walnut_boat": {
    "criteria": {
      "in_water": "2024-07-04 21:32:53 +0000"
    },
    "done": true
  },
  "bountifulfares:recipes/food/bountiful_stew": {
    "criteria": {
      "has_carrot": "2024-07-04 21:36:05 +0000"
    },
    "done": true
  },
  "mcdw:recipes/bows/bow_trickbow": {
    "criteria": {
      "has_string": "2024-07-04 21:49:38 +0000"
    },
    "done": true
  },
  "minecraft:recipes/combat/arrow": {
    "criteria": {
      "has_feather": "2024-07-04 21:37:59 +0000"
    },
    "done": true
  },
  "surface:swamp/swamp": {
    "criteria": {
      "requirement": "2024-07-04 21:33:02 +0000"
    },
    "done": true
  },
  "natures_spirit:recipes/transportation/saxaul_boat": {
    "criteria": {
      "in_water": "2024-07-04 21:32:53 +0000"
    },
    "done": true
  },
  "minecraft:recipes/combat/golden_helmet": {
    "criteria": {
      "has_gold_ingot": "2024-07-04 21:33:58 +0000"
    },
    "done": true
  },
  "minecraft:recipes/food/cooked_salmon": {
    "criteria": {
      "has_salmon": "2024-07-04 22:35:33 +0000"
    },
    "done": true
  },
  "mcdw:recipes/hammers/hammer_boneclub": {
    "criteria": {
      "has_string": "2024-07-04 21:49:38 +0000"
    },
    "done": true
  },
  "surface:recipes/building_blocks/cobblestone": {
    "criteria": {
      "has_rock": "2024-07-04 22:27:28 +0000"
    },
    "done": true
  },
  "enchanted:recipes/misc/wood_ash": {
    "criteria": {
      "has_sapling": "2024-07-04 21:26:50 +0000"
    },
    "done": true
  },
  "medievalweapons:medieval_wooden_recipes": {
    "criteria": {
      "medieval_wooden_recipes": "2024-07-04 21:26:50 +0000"
    },
    "done": true
  },
  "mcdw:recipes/daggers/dagger_chill_gale_knife": {
    "criteria": {
      "has_gold_ingot": "2024-07-04 21:33:58 +0000"
    },
    "done": true
  },
  "minecraft:recipes/tools/fishing_rod": {
    "criteria": {
      "has_string": "2024-07-04 21:49:38 +0000"
    },
    "done": true
  },
  "bewitchment:recipes/tools/voodoo_poppet": {
    "criteria": {
      "has_item": "2024-07-04 21:36:08 +0000"
    },
    "done": true
  },
  "natures_spirit:recipes/transportation/aspen_boat": {
    "criteria": {
      "in_water": "2024-07-04 21:32:53 +0000"
    },
    "done": true
  },
  "mcdw:recipes/daggers/dagger_moon": {
    "criteria": {
      "has_gold_ingot": "2024-07-04 21:33:58 +0000"
    },
    "done": true
  },
  "bewitchment:recipes/tools/fatigue_poppet": {
    "criteria": {
      "has_item": "2024-07-04 21:36:08 +0000"
    },
    "done": true
  },
  "minecraft:recipes/building_blocks/emerald_block": {
    "criteria": {
      "has_emerald": "2024-07-04 21:33:58 +0000"
    },
    "done": true
  },
  "frostiful:recipes/combat/armor/fur_padded_chainmail_helmet": {
    "criteria": {
      "has_fur_armor": "2024-07-04 21:24:28 +0000"
    },
    "done": true
  },
  "minecraft:recipes/building_blocks/oak_stairs": {
    "criteria": {
      "has_planks": "2024-07-04 21:27:20 +0000"
    },
    "done": true
  },
  "handcrafted:recipes/misc/oak_bench": {
    "criteria": {
      "has_oak_bench": "2024-07-04 21:27:20 +0000"
    },
    "done": true
  },
  "minecraft:recipes/decorations/oak_fence": {
    "criteria": {
      "has_planks": "2024-07-04 21:27:20 +0000"
    },
    "done": true
  },
  "mcdw:recipes/swords/sword_broken_sawblade": {
    "criteria": {
      "has_gold_ingot": "2024-07-04 21:33:58 +0000"
    },
    "done": true
  },
  "surface:recipes/building_blocks/sludge": {
    "criteria": {
      "has_dirt": "2024-07-04 21:25:25 +0000"
    },
    "done": true
  },
  "minecraft:recipes/food/cooked_porkchop_from_campfire_cooking": {
    "criteria": {
      "has_porkchop": "2024-07-04 22:21:48 +0000"
    },
    "done": true
  },
  "minecraft:recipes/building_blocks/chiseled_bookshelf": {
    "criteria": {
      "has_book": "2024-07-04 21:37:55 +0000"
    },
    "done": true
  },
  "bewitchment:recipes/decorations/acacia_poppet_shelf": {
    "criteria": {
      "has_item": "2024-07-04 21:27:48 +0000"
    },
    "done": true
  },
  "smallships:recipes/transportation/oak_cog": {
    "criteria": {
      "in_water": "2024-07-04 21:32:53 +0000"
    },
    "done": true
  },
  "minecraft:recipes/misc/bone_meal": {
    "criteria": {
      "has_bone": "2024-07-04 22:12:54 +0000"
    },
    "done": true
  },
  "mcdw:recipes/swords/sword_great_axeblade": {
    "criteria": {
      "has_emerald": "2024-07-04 21:33:58 +0000"
    },
    "done": true
  },
  "mcdw:recipes/swords/sword_cutlass": {
    "criteria": {
      "has_gold_ingot": "2024-07-04 21:33:58 +0000"
    },
    "done": true
  },
  "mcdw:recipes/bows/bow_soul_bow": {
    "criteria": {
      "has_string": "2024-07-04 21:49:38 +0000"
    },
    "done": true
  },
  "natures_spirit:recipes/transportation/coconut_boat": {
    "criteria": {
      "in_water": "2024-07-04 21:32:53 +0000"
    },
    "done": true
  },
  "smallships:recipes/transportation/oak_galley": {
    "criteria": {
      "in_water": "2024-07-04 21:32:53 +0000"
    },
    "done": true
  },
  "handcrafted:recipes/misc/fox_trophy": {
    "criteria": {
      "has_fox_trophy": "2024-07-04 21:27:20 +0000"
    },
    "done": true
  },
  "mcdw:recipes/bows/bow_bonebow": {
    "criteria": {
      "has_gold_ingot": "2024-07-04 21:33:58 +0000"
    },
    "done": true
  },
  "minecraft:recipes/transportation/spruce_boat": {
    "criteria": {
      "in_water": "2024-07-04 21:32:53 +0000"
    },
    "done": true
  },
  "stellarity:recipes/purple_dye_from_chorus_fruit": {
    "criteria": {
      "has_item": "2024-07-04 22:41:17 +0000"
    },
    "done": true
  },
  "mcdw:recipes/shortbows/bow_love_spell_bow": {
    "criteria": {
      "has_gold_ingot": "2024-07-04 21:33:58 +0000"
    },
    "done": true
  },
  "smallships:recipes/transportation/acacia_brigg": {
    "criteria": {
      "in_water": "2024-07-04 21:32:53 +0000"
    },
    "done": true
  },
  "promenade:recipes/campfire_cooking/cooked_duck": {
    "criteria": {
      "has_duck": "2024-07-04 22:07:11 +0000"
    },
    "done": true
  },
  "mcdw:recipes/bows/bow_elite_power_bow": {
    "criteria": {
      "has_gold_ingot": "2024-07-04 21:33:58 +0000"
    },
    "done": true
  },
  "minecraft:husbandry/root": {
    "criteria": {
      "consumed_item": "2024-07-04 21:30:02 +0000"
    },
    "done": true
  },
  "minecraft:recipes/transportation/birch_boat": {
    "criteria": {
      "in_water": "2024-07-04 21:32:53 +0000"
    },
    "done": true
  },
  "natures_spirit:recipes/transportation/palo_verde_boat": {
    "criteria": {
      "in_water": "2024-07-04 21:32:53 +0000"
    },
    "done": true
  },
  "mcdw:recipes/longbows/bow_guardian_bow": {
    "criteria": {
      "has_string": "2024-07-04 21:49:38 +0000"
    },
    "done": true
  },
  "mcdw:recipes/crossbows/crossbow_voidcaller_crossbow": {
    "criteria": {
      "has_string": "2024-07-04 21:49:38 +0000"
    },
    "done": true
  },
  "frostiful:recipes/combat/armor/fur_padded_chainmail_leggings": {
    "criteria": {
      "has_fur_armor": "2024-07-04 21:24:28 +0000"
    },
    "done": true
  },
  "fwaystones:recipes/abyss_watcher": {
    "criteria": {
      "has_ender_pearl": "2024-07-04 22:41:17 +0000"
    },
    "done": true
  },
  "bewitchment:recipes/transportation/cypress_boat": {
    "criteria": {
      "in_water": "2024-07-04 21:32:53 +0000"
    },
    "done": true
  },
  "mcdw:recipes/crossbows/crossbow_azure_seeker": {
    "criteria": {
      "has_string": "2024-07-04 21:49:38 +0000"
    },
    "done": true
  },
  "minecraft:recipes/transportation/oak_boat": {
    "criteria": {
      "in_water": "2024-07-04 21:32:53 +0000"
    },
    "done": true
  },
  "natures_spirit:recipes/transportation/wisteria_boat": {
    "criteria": {
      "in_water": "2024-07-04 21:32:53 +0000"
    },
    "done": true
  },
  "minecraft:recipes/building_blocks/coal_block": {
    "criteria": {
      "has_coal": "2024-07-04 21:34:07 +0000"
    },
    "done": true
  },
  "mcdw:recipes/crossbows/crossbow_shadow_crossbow": {
    "criteria": {
      "has_string": "2024-07-04 21:49:38 +0000"
    },
    "done": true
  },
  "mcdw:recipes/gauntlets/gauntlet_maulers": {
    "criteria": {
      "has_bone": "2024-07-04 22:12:54 +0000"
    },
    "done": true
  },
  "handcrafted:recipes/misc/tropical_fish_trophy": {
    "criteria": {
      "has_tropical_fish_trophy": "2024-07-04 21:27:20 +0000"
    },
    "done": true
  },
  "minecraft:recipes/tools/lead": {
    "criteria": {
      "has_slime_ball": "2024-07-04 22:25:54 +0000"
    },
    "done": true
  },
  "handcrafted:recipes/misc/oak_couch": {
    "criteria": {
      "has_oak_couch": "2024-07-04 21:27:20 +0000"
    },
    "done": true
  },
  "stellarity:story/obtain_an_ender_pearl": {
    "criteria": {
      "criteria": "2024-07-04 22:41:17 +0000"
    },
    "done": true
  },
  "mcdw:recipes/swords/sword_dancers_sword": {
    "criteria": {
      "has_slime_ball": "2024-07-04 22:25:54 +0000"
    },
    "done": true
  },
  "mcdw:recipes/swords/sword_beestinger": {
    "criteria": {
      "has_gold_ingot": "2024-07-04 21:33:58 +0000"
    },
    "done": true
  },
  "minecraft:recipes/redstone/oak_button": {
    "criteria": {
      "has_planks": "2024-07-04 21:27:20 +0000"
    },
    "done": true
  },
  "smallships:recipes/transportation/mangrove_galley": {
    "criteria": {
      "in_water": "2024-07-04 21:32:53 +0000"
    },
    "done": true
  },
  "handcrafted:recipes/misc/spider_trophy": {
    "criteria": {
      "has_spider_trophy": "2024-07-04 21:27:20 +0000"
    },
    "done": true
  },
  "smallships:recipes/transportation/dark_oak_cog": {
    "criteria": {
      "in_water": "2024-07-04 21:32:53 +0000"
    },
    "done": true
  },
  "handcrafted:recipes/misc/oak_pillar_trim": {
    "criteria": {
      "has_oak_pillar_trim": "2024-07-04 21:27:20 +0000"
    },
    "done": true
  },
  "smallships:recipes/transportation/birch_drakkar": {
    "criteria": {
      "in_water": "2024-07-04 21:32:53 +0000"
    },
    "done": true
  },
  "minecraft:recipes/transportation/mangrove_boat": {
    "criteria": {
      "in_water": "2024-07-04 21:32:53 +0000"
    },
    "done": true
  },
  "handcrafted:recipes/misc/oak_chair": {
    "criteria": {
      "has_oak_chair": "2024-07-04 21:27:20 +0000"
    },
    "done": true
  },
  "bountifulfares:recipes/food/passion_fruit_tart": {
    "criteria": {
      "has_egg": "2024-07-04 22:14:21 +0000"
    },
    "done": true
  },
  "naturalist:recipes/food/cooked_catfish": {
    "criteria": {
      "has_catfish": "2024-07-04 22:41:05 +0000"
    },
    "done": true
  },
  "bewitchment:recipes/building_blocks/salt_block": {
    "criteria": {
      "has_item": "2024-07-04 22:26:35 +0000"
    },
    "done": true
  },
  "mcdw:recipes/bows/bow_hunting_bow": {
    "criteria": {
      "has_string": "2024-07-04 21:49:38 +0000"
    },
    "done": true
  },
  "handcrafted:recipes/misc/pufferfish_trophy": {
    "criteria": {
      "has_pufferfish_trophy": "2024-07-04 21:27:20 +0000"
    },
    "done": true
  },
  "minecraft:recipes/food/cooked_salmon_from_smoking": {
    "criteria": {
      "has_salmon": "2024-07-04 22:35:33 +0000"
    },
    "done": true
  },
  "mcdw:recipes/bows/bow_winters_touch": {
    "criteria": {
      "has_string": "2024-07-04 21:49:38 +0000"
    },
    "done": true
  },
  "bountifulfares:recipes/food/arid_medley": {
    "criteria": {
      "has_bread": "2024-07-04 21:36:44 +0000"
    },
    "done": true
  },
  "natures_spirit:recipes/transportation/olive_boat": {
    "criteria": {
      "in_water": "2024-07-04 21:32:53 +0000"
    },
    "done": true
  },
  "bountifulfares:recipes/decorations/crimson_trellis": {
    "criteria": {
      "has_stick": "2024-07-04 21:26:50 +0000"
    },
    "done": true
  },
  "mcdw:recipes/whips/whip_whip": {
    "criteria": {
      "has_string": "2024-07-04 21:49:38 +0000"
    },
    "done": true
  },
  "promenade:recipes/crafting/sakura/boat": {
    "criteria": {
      "in_water": "2024-07-04 21:32:53 +0000"
    },
    "done": true
  },
  "stellarity:recipes/chorus_plant_from_fruit": {
    "criteria": {
      "has_item": "2024-07-04 22:41:17 +0000"
    },
    "done": true
  },
  "minecraft:recipes/redstone/sticky_piston": {
    "criteria": {
      "has_slime_ball": "2024-07-04 22:25:54 +0000"
    },
    "done": true
  },
  "bountifulfares:recipes/decorations/spruce_trellis": {
    "criteria": {
      "has_stick": "2024-07-04 21:26:50 +0000"
    },
    "done": true
  },
  "smallships:recipes/transportation/dark_oak_drakkar": {
    "criteria": {
      "in_water": "2024-07-04 21:32:53 +0000"
    },
    "done": true
  },
  "promenade:recipes/crafting/palm/boat": {
    "criteria": {
      "in_water": "2024-07-04 21:32:53 +0000"
    },
    "done": true
  },
  "mcdw:recipes/crossbows/crossbow_soul": {
    "criteria": {
      "has_string": "2024-07-04 21:49:38 +0000"
    },
    "done": true
  },
  "mcdw:recipes/daggers/dagger_the_end": {
    "criteria": {
      "has_gold_ingot": "2024-07-04 21:33:58 +0000"
    },
    "done": true
  },
  "wilderwild:recipes/transportation/palm_boat": {
    "criteria": {
      "in_water": "2024-07-04 21:32:53 +0000"
    },
    "done": true
  },
  "bountifulfares:recipes/food/plum_pie": {
    "criteria": {
      "has_egg": "2024-07-04 22:14:21 +0000"
    },
    "done": true
  },
  "smallships:recipes/transportation/jungle_drakkar": {
    "criteria": {
      "in_water": "2024-07-04 21:32:53 +0000"
    },
    "done": true
  },
  "mcdw:recipes/swords/sword_frost_slayer": {
    "criteria": {
      "has_iron_ingot": "2024-07-04 21:33:58 +0000"
    },
    "done": true
  },
  "mcdw:recipes/sickles/sickle_last_laugh_gold": {
    "criteria": {
      "has_gold_ingot": "2024-07-04 21:33:58 +0000"
    },
    "done": true
  },
  "mcdw:recipes/glaives/spear_grave_bane": {
    "criteria": {
      "has_gold_ingot": "2024-07-04 21:33:58 +0000"
    },
    "done": true
  },
  "promenade:recipes/smoking/cooked_duck": {
    "criteria": {
      "has_duck": "2024-07-04 22:07:11 +0000"
    },
    "done": true
  },
  "frostiful:recipes/combat/armor/ice_skates": {
    "criteria": {
      "has_fur_boots": "2024-07-04 21:24:28 +0000"
    },
    "done": true
  },
  "bewitchment:recipes/decorations/elder_chest": {
    "criteria": {
      "has_lots_of_items": "2024-07-04 21:28:41 +0000"
    },
    "done": true
  },
  "mcdw:recipes/longbows/bow_red_snake": {
    "criteria": {
      "has_string": "2024-07-04 21:49:38 +0000"
    },
    "done": true
  },
  "smallships:recipes/transportation/birch_brigg": {
    "criteria": {
      "in_water": "2024-07-04 21:32:53 +0000"
    },
    "done": true
  },
  "minecraft:recipes/tools/wooden_pickaxe": {
    "criteria": {
      "has_stick": "2024-07-04 21:26:50 +0000"
    },
    "done": true
  },
  "smallships:recipes/transportation/acacia_drakkar": {
    "criteria": {
      "in_water": "2024-07-04 21:32:53 +0000"
    },
    "done": true
  },
  "frostiful:recipes/combat/armor/fur_padded_chainmail_chestplate": {
    "criteria": {
      "has_fur_armor": "2024-07-04 21:24:28 +0000"
    },
    "done": true
  },
  "bountifulfares:recipes/food/berry_stuffed_potato": {
    "criteria": {
      "has_glow_berries": "2024-07-04 22:37:46 +0000"
    },
    "done": true
  },
  "bountifulfares:recipes/food/apple_compote_jar": {
    "criteria": {
      "has_apple": "2024-07-04 21:28:41 +0000"
    },
    "done": true
  },
  "bountifulfares:recipes/misc/stick": {
    "criteria": {
      "has_the_recipe": "2024-07-04 21:27:20 +0000"
    },
    "done": true
  },
  "bountifulfares:recipes/food/mushroom_stuffed_potato": {
    "criteria": {
      "has_brown_mushroom": "2024-07-04 21:28:20 +0000"
    },
    "done": true
  },
  "minecraft:recipes/redstone/oak_pressure_plate": {
    "criteria": {
      "has_planks": "2024-07-04 21:27:20 +0000"
    },
    "done": true
  },
  "mcdw:recipes/crossbows/crossbow_dual": {
    "criteria": {
      "has_string": "2024-07-04 21:49:38 +0000"
    },
    "done": true
  },
  "surface:forest/forest": {
    "criteria": {
      "requirement": "2024-07-04 21:38:07 +0000"
    },
    "done": true
  },
  "bountifulfares:recipes/food/glow_berry_tart": {
    "criteria": {
      "has_egg": "2024-07-04 22:14:21 +0000"
    },
    "done": true
  },
  "smallships:recipes/transportation/cherry_galley": {
    "criteria": {
      "in_water": "2024-07-04 21:32:53 +0000"
    },
    "done": true
  },
  "minecraft:recipes/transportation/carrot_on_a_stick": {
    "criteria": {
      "has_carrot": "2024-07-04 21:36:05 +0000"
    },
    "done": true
  },
  "bewitchment:recipes/decorations/warped_poppet_shelf": {
    "criteria": {
      "has_item": "2024-07-04 21:27:48 +0000"
    },
    "done": true
  },
  "bewitchment:recipes/decorations/oak_poppet_shelf": {
    "criteria": {
      "has_item": "2024-07-04 21:27:48 +0000"
    },
    "done": true
  },
  "bountifulfares:recipes/decorations/walnut_trellis": {
    "criteria": {
      "has_stick": "2024-07-04 21:26:50 +0000"
    },
    "done": true
  },
  "surface:savanna/savanna": {
    "criteria": {
      "requirement": "2024-07-04 21:49:13 +0000"
    },
    "done": true
  },
  "handcrafted:recipes/misc/oak_cupboard": {
    "criteria": {
      "has_oak_cupboard": "2024-07-04 21:27:20 +0000"
    },
    "done": true
  },
  "bewitchment:recipes/decorations/cypress_chest": {
    "criteria": {
      "has_lots_of_items": "2024-07-04 21:28:41 +0000"
    },
    "done": true
  },
  "mcdw:recipes/bows/bow_snow_bow": {
    "criteria": {
      "has_string": "2024-07-04 21:49:38 +0000"
    },
    "done": true
  },
  "mcdw:recipes/crossbows/crossbow_harpoon_crossbow": {
    "criteria": {
      "has_planks": "2024-07-04 21:27:20 +0000"
    },
    "done": true
  },
  "minecraft:recipes/building_blocks/white_wool_from_string": {
    "criteria": {
      "has_string": "2024-07-04 21:49:38 +0000"
    },
    "done": true
  },
  "smallships:recipes/transportation/cherry_brigg": {
    "criteria": {
      "in_water": "2024-07-04 21:32:53 +0000"
    },
    "done": true
  },
  "smallships:recipes/transportation/spruce_brigg": {
    "criteria": {
      "in_water": "2024-07-04 21:32:53 +0000"
    },
    "done": true
  },
  "mcdw:recipes/staves/staff_growing_staff": {
    "criteria": {
      "has_gold_ingot": "2024-07-04 21:33:58 +0000"
    },
    "done": true
  },
  "handcrafted:recipes/misc/oak_side_table": {
    "criteria": {
      "has_oak_side_table": "2024-07-04 21:27:20 +0000"
    },
    "done": true
  },
  "immersive_armors:recipes/misc/bone": {
    "criteria": {
      "has_item": "2024-07-04 22:12:54 +0000"
    },
    "done": true
  },
  "bountifulfares:recipes/food/sweet_berry_tart": {
    "criteria": {
      "has_egg": "2024-07-04 22:14:21 +0000"
    },
    "done": true
  },
  "natures_spirit:recipes/transportation/maple_boat": {
    "criteria": {
      "in_water": "2024-07-04 21:32:53 +0000"
    },
    "done": true
  },
  "mcdw:recipes/crossbows/crossbow_imploding": {
    "criteria": {
      "has_string": "2024-07-04 21:49:38 +0000"
    },
    "done": true
  },
  "minecraft:adventure/kill_a_mob": {
    "criteria": {
      "minecraft:spider": "2024-07-04 21:49:34 +0000"
    },
    "done": true
  },
  "frostiful:recipes/combat/armor/fur_padded_chainmail_boots": {
    "criteria": {
      "has_fur_armor": "2024-07-04 21:24:28 +0000"
    },
    "done": true
  },
  "minecraft:adventure/adventuring_time": {
    "criteria": {
      "minecraft:old_growth_birch_forest": "2024-07-04 22:24:29 +0000",
      "minecraft:plains": "2024-07-04 21:28:59 +0000",
      "minecraft:windswept_hills": "2024-07-04 21:52:26 +0000",
      "minecraft:river": "2024-07-04 21:45:07 +0000",
      "minecraft:swamp": "2024-07-04 21:33:02 +0000",
      "minecraft:forest": "2024-07-04 21:38:07 +0000",
      "natures_spirit:marsh": "2024-07-04 22:24:01 +0000",
      "minecraft:savanna": "2024-07-04 21:49:13 +0000"
    },
    "done": false
  },
  "bewitchment:recipes/tools/waystone": {
    "criteria": {
      "has_item": "2024-07-04 22:41:17 +0000"
    },
    "done": true
  },
  "minecraft:recipes/misc/stick_from_bamboo_item": {
    "criteria": {
      "has_bamboo": "2024-07-04 22:29:17 +0000"
    },
    "done": true
  },
  "immersive_armors:recipes/misc/warrior": {
    "criteria": {
      "has_item": "2024-07-04 21:49:59 +0000"
    },
    "done": true
  },
  "bewitchment:recipes/decorations/cypress_poppet_shelf": {
    "criteria": {
      "has_item": "2024-07-04 21:27:48 +0000"
    },
    "done": true
  },
  "bewitchment:recipes/tools/judgment_poppet": {
    "criteria": {
      "has_item": "2024-07-04 21:36:08 +0000"
    },
    "done": true
  },
  "bountifulfares:recipes/food/forest_medley": {
    "criteria": {
      "has_carrot": "2024-07-04 21:36:05 +0000"
    },
    "done": true
  },
  "minecraft:recipes/misc/wheat": {
    "criteria": {
      "has_hay_block": "2024-07-04 21:36:08 +0000"
    },
    "done": true
  },
  "minecraft:recipes/tools/golden_hoe": {
    "criteria": {
      "has_gold_ingot": "2024-07-04 21:33:58 +0000"
    },
    "done": true
  },
  "minecraft:recipes/food/mushroom_stew": {
    "criteria": {
      "has_brown_mushroom": "2024-07-04 21:28:20 +0000"
    },
    "done": true
  },
  "minecraft:husbandry/balanced_diet": {
    "criteria": {
      "apple": "2024-07-04 21:30:02 +0000",
      "pumpkin_pie": "2024-07-04 22:08:10 +0000",
      "bread": "2024-07-04 21:37:13 +0000",
      "rotten_flesh": "2024-07-04 21:34:19 +0000",
      "beetroot": "2024-07-04 22:16:51 +0000",
      "carrot": "2024-07-04 22:11:45 +0000"
    },
    "done": false
  },
  "adventurez:recipes/orc_skin_recipe": {
    "criteria": {
      "got_the_orc_skin": "2024-07-04 21:55:27 +0000"
    },
    "done": true
  },
  "minecraft:recipes/building_blocks/bamboo_block": {
    "criteria": {
      "has_bamboo": "2024-07-04 22:29:17 +0000"
    },
    "done": true
  },
  "minecraft:recipes/redstone/tnt": {
    "criteria": {
      "has_gunpowder": "2024-07-04 22:10:18 +0000"
    },
    "done": true
  },
  "mcdw:recipes/crossbows/crossbow_rapid": {
    "criteria": {
      "has_string": "2024-07-04 21:49:38 +0000"
    },
    "done": true
  },
  "natures_spirit:recipes/transportation/cedar_boat": {
    "criteria": {
      "in_water": "2024-07-04 21:32:53 +0000"
    },
    "done": true
  },
  "handcrafted:recipes/misc/skeleton_horse_trophy": {
    "criteria": {
      "has_skeleton_horse_trophy": "2024-07-04 21:27:20 +0000"
    },
    "done": true
  },
  "minecraft:recipes/decorations/loom": {
    "criteria": {
      "has_string": "2024-07-04 21:49:38 +0000"
    },
    "done": true
  },
  "minecraft:recipes/decorations/scaffolding": {
    "criteria": {
      "has_bamboo": "2024-07-04 22:29:17 +0000"
    },
    "done": true
  },
  "bountifulfares:recipes/decorations/grassy_dirt": {
    "criteria": {
      "has_grass_seeds": "2024-07-04 21:28:41 +0000"
    },
    "done": true
  },
  "smallships:recipes/transportation/mangrove_cog": {
    "criteria": {
      "in_water": "2024-07-04 21:32:53 +0000"
    },
    "done": true
  },
  "minecraft:story/root": {
    "criteria": {
      "crafting_table": "2024-07-04 21:27:23 +0000"
    },
    "done": true
  },
  "bewitchment:recipes/tools/death_protection_poppet": {
    "criteria": {
      "has_item": "2024-07-04 21:36:08 +0000"
    },
    "done": true
  },
  "smallships:recipes/transportation/cherry_cog": {
    "criteria": {
      "in_water": "2024-07-04 21:32:53 +0000"
    },
    "done": true
  },
  "natures_spirit:recipes/transportation/larch_boat": {
    "criteria": {
      "in_water": "2024-07-04 21:32:53 +0000"
    },
    "done": true
  },
  "bountifulfares:recipes/decorations/birch_trellis": {
    "criteria": {
      "has_stick": "2024-07-04 21:26:50 +0000"
    },
    "done": true
  },
  "handcrafted:recipes/misc/wither_skeleton_trophy": {
    "criteria": {
      "has_wither_skeleton_trophy": "2024-07-04 21:27:20 +0000"
    },
    "done": true
  },
  "minecraft:recipes/transportation/dark_oak_boat": {
    "criteria": {
      "in_water": "2024-07-04 21:32:53 +0000"
    },
    "done": true
  },
  "minecraft:recipes/combat/golden_leggings": {
    "criteria": {
      "has_gold_ingot": "2024-07-04 21:33:58 +0000"
    },
    "done": true
  },
  "DataVersion": 3465
}