{
  "rpg_series:root": {
    "criteria": {
      "always": "2024-07-03 19:20:31 +0000"
    },
    "done": true
  },
  "stellarity:cursed_tome/root": {
    "criteria": {
      "requirement": "2024-07-03 19:20:31 +0000"
    },
    "done": true
  },
  "minecraft:recipes/decorations/crafting_table": {
    "criteria": {
      "unlock_right_away": "2024-07-03 19:20:31 +0000"
    },
    "done": true
  },
  "vanilla_refresh:player/end_teleport": {
    "criteria": {
      "s3": "2024-07-03 19:20:31 +0000"
    },
    "done": false
  },
  "stellarity:dragons_den/cursed_tome/root": {
    "criteria": {
      "requirement": "2024-07-03 19:20:31 +0000"
    },
    "done": true
  },
  "dungeons_arise:wda_root": {
    "criteria": {
      "WDA": "2024-07-03 19:20:31 +0000"
    },
    "done": true
  },
  "betterdeserttemples:root": {
    "criteria": {
      "always": "2024-07-03 19:20:31 +0000"
    },
    "done": true
  },
  "vanilla_refresh:player/tick": {
    "criteria": {
      "s": "2024-07-03 19:20:31 +0000"
    },
    "done": true
  },
  "minecraft:adventure/adventuring_time": {
    "criteria": {
      "minecraft:beach": "2024-07-03 19:23:15 +0000",
      "minecraft:dark_forest": "2024-07-03 19:27:13 +0000",
      "minecraft:birch_forest": "2024-07-03 21:06:04 +0000",
      "minecraft:ocean": "2024-07-03 19:27:38 +0000"
    },
    "done": false
  },
  "vanilla_refresh:player/hurt": {
    "criteria": {
      "requirement": "2024-07-03 19:27:26 +0000"
    },
    "done": true
  },
  "smallships:recipes/transportation/bamboo_galley": {
    "criteria": {
      "in_water": "2024-07-03 19:27:34 +0000"
    },
    "done": true
  },
  "smallships:recipes/transportation/spruce_cog": {
    "criteria": {
      "in_water": "2024-07-03 19:27:34 +0000"
    },
    "done": true
  },
  "smallships:recipes/transportation/acacia_cog": {
    "criteria": {
      "in_water": "2024-07-03 19:27:34 +0000"
    },
    "done": true
  },
  "natures_spirit:recipes/transportation/mahogany_boat": {
    "criteria": {
      "in_water": "2024-07-03 19:27:34 +0000"
    },
    "done": true
  },
  "smallships:recipes/transportation/jungle_cog": {
    "criteria": {
      "in_water": "2024-07-03 19:27:34 +0000"
    },
    "done": true
  },
  "smallships:recipes/transportation/dark_oak_brigg": {
    "criteria": {
      "in_water": "2024-07-03 19:27:34 +0000"
    },
    "done": true
  },
  "smallships:recipes/transportation/birch_galley": {
    "criteria": {
      "in_water": "2024-07-03 19:27:34 +0000"
    },
    "done": true
  },
  "minecraft:recipes/transportation/cherry_boat": {
    "criteria": {
      "in_water": "2024-07-03 19:27:34 +0000"
    },
    "done": true
  },
  "smallships:recipes/transportation/oak_drakkar": {
    "criteria": {
      "in_water": "2024-07-03 19:27:34 +0000"
    },
    "done": true
  },
  "minecraft:recipes/transportation/bamboo_raft": {
    "criteria": {
      "in_water": "2024-07-03 19:27:34 +0000"
    },
    "done": true
  },
  "smallships:recipes/transportation/mangrove_brigg": {
    "criteria": {
      "in_water": "2024-07-03 19:27:34 +0000"
    },
    "done": true
  },
  "smallships:recipes/transportation/jungle_brigg": {
    "criteria": {
      "in_water": "2024-07-03 19:27:34 +0000"
    },
    "done": true
  },
  "smallships:recipes/transportation/spruce_galley": {
    "criteria": {
      "in_water": "2024-07-03 19:27:34 +0000"
    },
    "done": true
  },
  "smallships:recipes/transportation/birch_cog": {
    "criteria": {
      "in_water": "2024-07-03 19:27:34 +0000"
    },
    "done": true
  },
  "wilderwild:recipes/transportation/cypress_boat": {
    "criteria": {
      "in_water": "2024-07-03 19:27:34 +0000"
    },
    "done": true
  },
  "smallships:recipes/transportation/mangrove_drakkar": {
    "criteria": {
      "in_water": "2024-07-03 19:27:34 +0000"
    },
    "done": true
  },
  "natures_spirit:recipes/transportation/sugi_boat": {
    "criteria": {
      "in_water": "2024-07-03 19:27:34 +0000"
    },
    "done": true
  },
  "natures_spirit:recipes/transportation/joshua_boat": {
    "criteria": {
      "in_water": "2024-07-03 19:27:34 +0000"
    },
    "done": true
  },
  "smallships:recipes/misc/sail": {
    "criteria": {
      "in_water": "2024-07-03 19:27:34 +0000"
    },
    "done": true
  },
  "natures_spirit:recipes/transportation/ghaf_boat": {
    "criteria": {
      "in_water": "2024-07-03 19:27:34 +0000"
    },
    "done": true
  },
  "natures_spirit:recipes/transportation/willow_boat": {
    "criteria": {
      "in_water": "2024-07-03 19:27:34 +0000"
    },
    "done": true
  },
  "smallships:recipes/transportation/acacia_galley": {
    "criteria": {
      "in_water": "2024-07-03 19:27:34 +0000"
    },
    "done": true
  },
  "minecraft:recipes/transportation/acacia_boat": {
    "criteria": {
      "in_water": "2024-07-03 19:27:34 +0000"
    },
    "done": true
  },
  "natures_spirit:recipes/transportation/fir_boat": {
    "criteria": {
      "in_water": "2024-07-03 19:27:34 +0000"
    },
    "done": true
  },
  "smallships:recipes/transportation/jungle_galley": {
    "criteria": {
      "in_water": "2024-07-03 19:27:34 +0000"
    },
    "done": true
  },
  "natures_spirit:recipes/transportation/cypress_boat": {
    "criteria": {
      "in_water": "2024-07-03 19:27:34 +0000"
    },
    "done": true
  },
  "smallships:recipes/transportation/dark_oak_galley": {
    "criteria": {
      "in_water": "2024-07-03 19:27:34 +0000"
    },
    "done": true
  },
  "smallships:recipes/transportation/bamboo_brigg": {
    "criteria": {
      "in_water": "2024-07-03 19:27:34 +0000"
    },
    "done": true
  },
  "smallships:recipes/transportation/spruce_drakkar": {
    "criteria": {
      "in_water": "2024-07-03 19:27:34 +0000"
    },
    "done": true
  },
  "minecraft:recipes/transportation/jungle_boat": {
    "criteria": {
      "in_water": "2024-07-03 19:27:34 +0000"
    },
    "done": true
  },
  "natures_spirit:recipes/transportation/redwood_boat": {
    "criteria": {
      "in_water": "2024-07-03 19:27:34 +0000"
    },
    "done": true
  },
  "smallships:recipes/transportation/oak_brigg": {
    "criteria": {
      "in_water": "2024-07-03 19:27:34 +0000"
    },
    "done": true
  },
  "smallships:recipes/transportation/bamboo_cog": {
    "criteria": {
      "in_water": "2024-07-03 19:27:34 +0000"
    },
    "done": true
  },
  "promenade:recipes/crafting/maple/boat": {
    "criteria": {
      "in_water": "2024-07-03 19:27:34 +0000"
    },
    "done": true
  },
  "wilderwild:recipes/transportation/baobab_boat": {
    "criteria": {
      "in_water": "2024-07-03 19:27:34 +0000"
    },
    "done": true
  },
  "natures_spirit:recipes/transportation/saxaul_boat": {
    "criteria": {
      "in_water": "2024-07-03 19:27:34 +0000"
    },
    "done": true
  },
  "natures_spirit:recipes/transportation/aspen_boat": {
    "criteria": {
      "in_water": "2024-07-03 19:27:34 +0000"
    },
    "done": true
  },
  "smallships:recipes/transportation/oak_cog": {
    "criteria": {
      "in_water": "2024-07-03 19:27:34 +0000"
    },
    "done": true
  },
  "natures_spirit:recipes/transportation/coconut_boat": {
    "criteria": {
      "in_water": "2024-07-03 19:27:34 +0000"
    },
    "done": true
  },
  "smallships:recipes/transportation/oak_galley": {
    "criteria": {
      "in_water": "2024-07-03 19:27:34 +0000"
    },
    "done": true
  },
  "minecraft:recipes/transportation/spruce_boat": {
    "criteria": {
      "in_water": "2024-07-03 19:27:34 +0000"
    },
    "done": true
  },
  "smallships:recipes/transportation/acacia_brigg": {
    "criteria": {
      "in_water": "2024-07-03 19:27:34 +0000"
    },
    "done": true
  },
  "minecraft:recipes/transportation/birch_boat": {
    "criteria": {
      "in_water": "2024-07-03 19:27:34 +0000"
    },
    "done": true
  },
  "natures_spirit:recipes/transportation/palo_verde_boat": {
    "criteria": {
      "in_water": "2024-07-03 19:27:34 +0000"
    },
    "done": true
  },
  "minecraft:recipes/transportation/oak_boat": {
    "criteria": {
      "in_water": "2024-07-03 19:27:34 +0000"
    },
    "done": true
  },
  "natures_spirit:recipes/transportation/wisteria_boat": {
    "criteria": {
      "in_water": "2024-07-03 19:27:34 +0000"
    },
    "done": true
  },
  "smallships:recipes/transportation/mangrove_galley": {
    "criteria": {
      "in_water": "2024-07-03 19:27:34 +0000"
    },
    "done": true
  },
  "smallships:recipes/transportation/dark_oak_cog": {
    "criteria": {
      "in_water": "2024-07-03 19:27:34 +0000"
    },
    "done": true
  },
  "smallships:recipes/transportation/birch_drakkar": {
    "criteria": {
      "in_water": "2024-07-03 19:27:34 +0000"
    },
    "done": true
  },
  "minecraft:recipes/transportation/mangrove_boat": {
    "criteria": {
      "in_water": "2024-07-03 19:27:34 +0000"
    },
    "done": true
  },
  "natures_spirit:recipes/transportation/olive_boat": {
    "criteria": {
      "in_water": "2024-07-03 19:27:34 +0000"
    },
    "done": true
  },
  "promenade:recipes/crafting/sakura/boat": {
    "criteria": {
      "in_water": "2024-07-03 19:27:34 +0000"
    },
    "done": true
  },
  "smallships:recipes/transportation/dark_oak_drakkar": {
    "criteria": {
      "in_water": "2024-07-03 19:27:34 +0000"
    },
    "done": true
  },
  "promenade:recipes/crafting/palm/boat": {
    "criteria": {
      "in_water": "2024-07-03 19:27:34 +0000"
    },
    "done": true
  },
  "wilderwild:recipes/transportation/palm_boat": {
    "criteria": {
      "in_water": "2024-07-03 19:27:34 +0000"
    },
    "done": true
  },
  "smallships:recipes/transportation/jungle_drakkar": {
    "criteria": {
      "in_water": "2024-07-03 19:27:34 +0000"
    },
    "done": true
  },
  "smallships:recipes/transportation/birch_brigg": {
    "criteria": {
      "in_water": "2024-07-03 19:27:34 +0000"
    },
    "done": true
  },
  "smallships:recipes/transportation/acacia_drakkar": {
    "criteria": {
      "in_water": "2024-07-03 19:27:34 +0000"
    },
    "done": true
  },
  "smallships:recipes/transportation/cherry_galley": {
    "criteria": {
      "in_water": "2024-07-03 19:27:34 +0000"
    },
    "done": true
  },
  "smallships:recipes/transportation/cherry_brigg": {
    "criteria": {
      "in_water": "2024-07-03 19:27:34 +0000"
    },
    "done": true
  },
  "smallships:recipes/transportation/spruce_brigg": {
    "criteria": {
      "in_water": "2024-07-03 19:27:34 +0000"
    },
    "done": true
  },
  "natures_spirit:recipes/transportation/maple_boat": {
    "criteria": {
      "in_water": "2024-07-03 19:27:34 +0000"
    },
    "done": true
  },
  "natures_spirit:recipes/transportation/cedar_boat": {
    "criteria": {
      "in_water": "2024-07-03 19:27:34 +0000"
    },
    "done": true
  },
  "smallships:recipes/transportation/mangrove_cog": {
    "criteria": {
      "in_water": "2024-07-03 19:27:34 +0000"
    },
    "done": true
  },
  "smallships:recipes/transportation/cherry_cog": {
    "criteria": {
      "in_water": "2024-07-03 19:27:34 +0000"
    },
    "done": true
  },
  "natures_spirit:recipes/transportation/larch_boat": {
    "criteria": {
      "in_water": "2024-07-03 19:27:34 +0000"
    },
    "done": true
  },
  "minecraft:recipes/transportation/dark_oak_boat": {
    "criteria": {
      "in_water": "2024-07-03 19:27:34 +0000"
    },
    "done": true
  },
  "stellarity:events/on_death": {
    "criteria": {
      "requirement": "2024-07-03 19:27:57 +0000"
    },
    "done": true
  },
  "minecraft:adventure/root": {
    "criteria": {
      "killed_by_something": "2024-07-03 19:27:57 +0000"
    },
    "done": true
  },
  "vanilla_refresh:death/trident": {
    "criteria": {
      "requirement": "2024-07-03 19:27:57 +0000"
    },
    "done": true
  },
  "vanilla_refresh:death/explosion": {
    "criteria": {
      "requirement": "2024-07-03 19:27:57 +0000"
    },
    "done": true
  },
  "surface:root": {
    "criteria": {
      "requirement": "2024-07-03 20:56:21 +0000"
    },
    "done": true
  },
  "surface:dark_forest/dark_forest": {
    "criteria": {
      "requirement": "2024-07-03 20:56:22 +0000"
    },
    "done": true
  },
  "naturalist:recipes/food/cooked_egg": {
    "criteria": {
      "has_eggs": "2024-07-03 20:59:25 +0000"
    },
    "done": true
  },
  "frostiful:recipes/combat/armor/armored_ice_skates": {
    "criteria": {
      "has_fur_boots": "2024-07-03 20:59:25 +0000"
    },
    "done": true
  },
  "minecraft:recipes/misc/charcoal": {
    "criteria": {
      "has_log": "2024-07-03 20:59:25 +0000"
    },
    "done": true
  },
  "minecraft:recipes/building_blocks/oak_planks": {
    "criteria": {
      "has_logs": "2024-07-03 20:59:25 +0000"
    },
    "done": true
  },
  "frostiful:recipes/misc/snowflake_banner_pattern": {
    "criteria": {
      "has_packed_snowball": "2024-07-03 20:59:25 +0000"
    },
    "done": true
  },
  "minecraft:recipes/building_blocks/oak_wood": {
    "criteria": {
      "has_log": "2024-07-03 20:59:25 +0000"
    },
    "done": true
  },
  "immersive_armors:recipes/misc/wooden": {
    "criteria": {
      "has_item": "2024-07-03 20:59:25 +0000"
    },
    "done": true
  },
  "frostiful:recipes/combat/armor/fur_padded_chainmail_helmet": {
    "criteria": {
      "has_fur_armor": "2024-07-03 20:59:25 +0000"
    },
    "done": true
  },
  "frostiful:recipes/combat/armor/fur_padded_chainmail_leggings": {
    "criteria": {
      "has_fur_armor": "2024-07-03 20:59:25 +0000"
    },
    "done": true
  },
  "frostiful:recipes/combat/armor/ice_skates": {
    "criteria": {
      "has_fur_boots": "2024-07-03 20:59:25 +0000"
    },
    "done": true
  },
  "frostiful:recipes/combat/armor/fur_padded_chainmail_chestplate": {
    "criteria": {
      "has_fur_armor": "2024-07-03 20:59:25 +0000"
    },
    "done": true
  },
  "frostiful:recipes/combat/armor/fur_padded_chainmail_boots": {
    "criteria": {
      "has_fur_armor": "2024-07-03 20:59:25 +0000"
    },
    "done": true
  },
  "handcrafted:recipes/misc/oak_nightstand": {
    "criteria": {
      "has_oak_nightstand": "2024-07-03 20:59:27 +0000"
    },
    "done": true
  },
  "minecraft:recipes/decorations/oak_sign": {
    "criteria": {
      "has_planks": "2024-07-03 20:59:27 +0000"
    },
    "done": true
  },
  "bountifulfares:recipes/decorations/trellis": {
    "criteria": {
      "has_planks": "2024-07-03 20:59:27 +0000"
    },
    "done": true
  },
  "handcrafted:recipes/misc/oak_fancy_bed": {
    "criteria": {
      "has_oak_fancy_bed": "2024-07-03 20:59:27 +0000"
    },
    "done": true
  },
  "minecraft:recipes/misc/stick": {
    "criteria": {
      "has_planks": "2024-07-03 20:59:27 +0000"
    },
    "done": true
  },
  "handcrafted:recipes/misc/oak_table": {
    "criteria": {
      "has_oak_table": "2024-07-03 20:59:27 +0000"
    },
    "done": true
  },
  "handcrafted:recipes/misc/oak_corner_trim": {
    "criteria": {
      "has_oak_corner_trim": "2024-07-03 20:59:27 +0000"
    },
    "done": true
  },
  "handcrafted:recipes/misc/oak_drawer": {
    "criteria": {
      "has_oak_drawer": "2024-07-03 20:59:27 +0000"
    },
    "done": true
  },
  "mcdw:recipes/crossbows/crossbow_scatter": {
    "criteria": {
      "has_oak_planks": "2024-07-03 20:59:27 +0000"
    },
    "done": true
  },
  "handcrafted:recipes/misc/salmon_trophy": {
    "criteria": {
      "has_salmon_trophy": "2024-07-03 20:59:27 +0000"
    },
    "done": true
  },
  "handcrafted:recipes/misc/silverfish_trophy": {
    "criteria": {
      "has_silverfish_trophy": "2024-07-03 20:59:27 +0000"
    },
    "done": true
  },
  "handcrafted:recipes/misc/oak_shelf": {
    "criteria": {
      "has_oak_shelf": "2024-07-03 20:59:27 +0000"
    },
    "done": true
  },
  "handcrafted:recipes/misc/bear_trophy": {
    "criteria": {
      "has_bear_trophy": "2024-07-03 20:59:27 +0000"
    },
    "done": true
  },
  "minecraft:recipes/building_blocks/oak_slab": {
    "criteria": {
      "has_planks": "2024-07-03 20:59:27 +0000"
    },
    "done": true
  },
  "handcrafted:recipes/misc/oak_dining_bench": {
    "criteria": {
      "has_oak_dining_bench": "2024-07-03 20:59:27 +0000"
    },
    "done": true
  },
  "minecraft:recipes/redstone/oak_fence_gate": {
    "criteria": {
      "has_planks": "2024-07-03 20:59:27 +0000"
    },
    "done": true
  },
  "handcrafted:recipes/misc/oak_desk": {
    "criteria": {
      "has_oak_desk": "2024-07-03 20:59:27 +0000"
    },
    "done": true
  },
  "minecraft:recipes/redstone/oak_door": {
    "criteria": {
      "has_planks": "2024-07-03 20:59:27 +0000"
    },
    "done": true
  },
  "handcrafted:recipes/misc/goat_trophy": {
    "criteria": {
      "has_goat_trophy": "2024-07-03 20:59:27 +0000"
    },
    "done": true
  },
  "minecraft:recipes/decorations/barrel": {
    "criteria": {
      "has_planks": "2024-07-03 20:59:27 +0000"
    },
    "done": true
  },
  "handcrafted:recipes/misc/blaze_trophy": {
    "criteria": {
      "has_blaze_trophy": "2024-07-03 20:59:27 +0000"
    },
    "done": true
  },
  "handcrafted:recipes/misc/oak_counter": {
    "criteria": {
      "has_oak_counter": "2024-07-03 20:59:27 +0000"
    },
    "done": true
  },
  "handcrafted:recipes/misc/wolf_trophy": {
    "criteria": {
      "has_wolf_trophy": "2024-07-03 20:59:27 +0000"
    },
    "done": true
  },
  "bountifulfares:recipes/building_blocks/oak_pickets": {
    "criteria": {
      "has_planks": "2024-07-03 20:59:27 +0000"
    },
    "done": true
  },
  "minecraft:recipes/redstone/oak_trapdoor": {
    "criteria": {
      "has_planks": "2024-07-03 20:59:27 +0000"
    },
    "done": true
  },
  "mcdw:recipes/shields/shield_vanguard": {
    "criteria": {
      "has_planks": "2024-07-03 20:59:27 +0000"
    },
    "done": true
  },
  "minecraft:recipes/building_blocks/oak_stairs": {
    "criteria": {
      "has_planks": "2024-07-03 20:59:27 +0000"
    },
    "done": true
  },
  "handcrafted:recipes/misc/oak_bench": {
    "criteria": {
      "has_oak_bench": "2024-07-03 20:59:27 +0000"
    },
    "done": true
  },
  "minecraft:recipes/decorations/oak_fence": {
    "criteria": {
      "has_planks": "2024-07-03 20:59:27 +0000"
    },
    "done": true
  },
  "handcrafted:recipes/misc/fox_trophy": {
    "criteria": {
      "has_fox_trophy": "2024-07-03 20:59:27 +0000"
    },
    "done": true
  },
  "handcrafted:recipes/misc/tropical_fish_trophy": {
    "criteria": {
      "has_tropical_fish_trophy": "2024-07-03 20:59:27 +0000"
    },
    "done": true
  },
  "handcrafted:recipes/misc/oak_couch": {
    "criteria": {
      "has_oak_couch": "2024-07-03 20:59:27 +0000"
    },
    "done": true
  },
  "minecraft:recipes/redstone/oak_button": {
    "criteria": {
      "has_planks": "2024-07-03 20:59:27 +0000"
    },
    "done": true
  },
  "handcrafted:recipes/misc/spider_trophy": {
    "criteria": {
      "has_spider_trophy": "2024-07-03 20:59:27 +0000"
    },
    "done": true
  },
  "handcrafted:recipes/misc/oak_pillar_trim": {
    "criteria": {
      "has_oak_pillar_trim": "2024-07-03 20:59:27 +0000"
    },
    "done": true
  },
  "handcrafted:recipes/misc/oak_chair": {
    "criteria": {
      "has_oak_chair": "2024-07-03 20:59:27 +0000"
    },
    "done": true
  },
  "handcrafted:recipes/misc/pufferfish_trophy": {
    "criteria": {
      "has_pufferfish_trophy": "2024-07-03 20:59:27 +0000"
    },
    "done": true
  },
  "bountifulfares:recipes/misc/stick": {
    "criteria": {
      "has_the_recipe": "2024-07-03 20:59:27 +0000"
    },
    "done": true
  },
  "minecraft:recipes/redstone/oak_pressure_plate": {
    "criteria": {
      "has_planks": "2024-07-03 20:59:27 +0000"
    },
    "done": true
  },
  "handcrafted:recipes/misc/oak_cupboard": {
    "criteria": {
      "has_oak_cupboard": "2024-07-03 20:59:27 +0000"
    },
    "done": true
  },
  "mcdw:recipes/crossbows/crossbow_harpoon_crossbow": {
    "criteria": {
      "has_planks": "2024-07-03 20:59:27 +0000"
    },
    "done": true
  },
  "handcrafted:recipes/misc/oak_side_table": {
    "criteria": {
      "has_oak_side_table": "2024-07-03 20:59:27 +0000"
    },
    "done": true
  },
  "handcrafted:recipes/misc/skeleton_horse_trophy": {
    "criteria": {
      "has_skeleton_horse_trophy": "2024-07-03 20:59:27 +0000"
    },
    "done": true
  },
  "handcrafted:recipes/misc/wither_skeleton_trophy": {
    "criteria": {
      "has_wither_skeleton_trophy": "2024-07-03 20:59:27 +0000"
    },
    "done": true
  },
  "bloomingnature:recipes/white_dye_from_mountain_laurel": {
    "criteria": {
      "has_mountain_laurel": "2024-07-03 21:10:37 +0000"
    },
    "done": true
  },
  "bountifulfares:recipes/decorations/grassy_dirt": {
    "criteria": {
      "has_grass_seeds": "2024-07-03 21:10:37 +0000"
    },
    "done": true
  },
  "bloomingnature:recipes/pink_dye_from_freesia_pink": {
    "criteria": {
      "has_freesia_pink": "2024-07-03 21:10:38 +0000"
    },
    "done": true
  },
  "wilderwild:recipes/misc/orange_dye_from_milkweed": {
    "criteria": {
      "has_milkweed": "2024-07-03 21:10:38 +0000"
    },
    "done": true
  },
  "minecraft:recipes/misc/bowl": {
    "criteria": {
      "has_brown_mushroom": "2024-07-03 21:10:38 +0000"
    },
    "done": true
  },
  "bountifulfares:recipes/food/mushroom_stuffed_potato": {
    "criteria": {
      "has_brown_mushroom": "2024-07-03 21:10:38 +0000"
    },
    "done": true
  },
  "minecraft:recipes/food/mushroom_stew": {
    "criteria": {
      "has_brown_mushroom": "2024-07-03 21:10:38 +0000"
    },
    "done": true
  },
  "bewitchment:recipes/food/grilled_garlic": {
    "criteria": {
      "has_item": "2024-07-03 21:10:39 +0000"
    },
    "done": true
  },
  "bewitchment:recipes/food/grilled_garlic_from_campfire_cooking": {
    "criteria": {
      "has_item": "2024-07-03 21:10:39 +0000"
    },
    "done": true
  },
  "bewitchment:recipes/food/grilled_garlic_from_smoking": {
    "criteria": {
      "has_item": "2024-07-03 21:10:39 +0000"
    },
    "done": true
  },
  "minecraft:recipes/decorations/chest": {
    "criteria": {
      "has_lots_of_items": "2024-07-03 21:10:45 +0000"
    },
    "done": true
  },
  "bewitchment:recipes/decorations/dragons_blood_chest": {
    "criteria": {
      "has_lots_of_items": "2024-07-03 21:10:45 +0000"
    },
    "done": true
  },
  "bewitchment:recipes/decorations/juniper_chest": {
    "criteria": {
      "has_lots_of_items": "2024-07-03 21:10:45 +0000"
    },
    "done": true
  },
  "bewitchment:recipes/decorations/elder_chest": {
    "criteria": {
      "has_lots_of_items": "2024-07-03 21:10:45 +0000"
    },
    "done": true
  },
  "bewitchment:recipes/decorations/cypress_chest": {
    "criteria": {
      "has_lots_of_items": "2024-07-03 21:10:45 +0000"
    },
    "done": true
  },
  "enchanted:recipes/misc/anointing_paste": {
    "criteria": {
      "has_belladonna_seeds": "2024-07-03 21:10:46 +0000"
    },
    "done": true
  },
  "wilderwild:recipes/misc/purple_dye_from_carnation": {
    "criteria": {
      "has_carnation": "2024-07-03 21:10:47 +0000"
    },
    "done": true
  },
  "natures_spirit:adventure/collect_all_flowers": {
    "criteria": {
      "gardenia": "2024-07-03 21:10:48 +0000",
      "poppy": "2024-07-03 21:10:55 +0000",
      "anemone": "2024-07-03 21:11:49 +0000",
      "pink_tulip": "2024-07-03 21:11:57 +0000",
      "dandelion": "2024-07-03 21:10:49 +0000",
      "snapdragon": "2024-07-03 21:11:48 +0000",
      "lily_of_the_valley": "2024-07-03 21:10:52 +0000",
      "allium": "2024-07-03 21:11:57 +0000"
    },
    "done": false
  },
  "natures_spirit:recipes/misc/white_dye_from_gardenia": {
    "criteria": {
      "has_gardenia": "2024-07-03 21:10:48 +0000"
    },
    "done": true
  },
  "mcdw:recipes/bows/bow_sabrewing": {
    "criteria": {
      "has_dandelion": "2024-07-03 21:10:49 +0000"
    },
    "done": true
  },
  "promenade:recipes/crafting/vanilla_piles/dandelion": {
    "criteria": {
      "has_flower": "2024-07-03 21:10:49 +0000"
    },
    "done": true
  },
  "minecraft:recipes/misc/yellow_dye_from_dandelion": {
    "criteria": {
      "has_dandelion": "2024-07-03 21:10:49 +0000"
    },
    "done": true
  },
  "promenade:recipes/crafting/vanilla_piles/lily_of_the_valley": {
    "criteria": {
      "has_flower": "2024-07-03 21:10:52 +0000"
    },
    "done": true
  },
  "minecraft:recipes/misc/white_dye_from_lily_of_the_valley": {
    "criteria": {
      "has_lily_of_the_valley": "2024-07-03 21:10:52 +0000"
    },
    "done": true
  },
  "minecraft:recipes/misc/red_dye_from_poppy": {
    "criteria": {
      "has_poppy": "2024-07-03 21:10:55 +0000"
    },
    "done": true
  },
  "promenade:recipes/crafting/vanilla_piles/poppy": {
    "criteria": {
      "has_flower": "2024-07-03 21:10:55 +0000"
    },
    "done": true
  },
  "bloomingnature:recipes/pink_dye_from_daphne": {
    "criteria": {
      "has_daphne": "2024-07-03 21:11:12 +0000"
    },
    "done": true
  },
  "natures_spirit:recipes/misc/pink_dye_from_snapdragon": {
    "criteria": {
      "has_snapdragon": "2024-07-03 21:11:48 +0000"
    },
    "done": true
  },
  "natures_spirit:recipes/misc/magenta_dye_from_anemone": {
    "criteria": {
      "has_anemone": "2024-07-03 21:11:49 +0000"
    },
    "done": true
  },
  "minecraft:recipes/misc/pink_dye_from_pink_tulip": {
    "criteria": {
      "has_pink_tulip": "2024-07-03 21:11:57 +0000"
    },
    "done": true
  },
  "promenade:recipes/crafting/vanilla_piles/allium": {
    "criteria": {
      "has_flower": "2024-07-03 21:11:57 +0000"
    },
    "done": true
  },
  "minecraft:recipes/misc/magenta_dye_from_allium": {
    "criteria": {
      "has_allium": "2024-07-03 21:11:57 +0000"
    },
    "done": true
  },
  "promenade:recipes/crafting/vanilla_piles/pink_tulip": {
    "criteria": {
      "has_flower": "2024-07-03 21:11:57 +0000"
    },
    "done": true
  },
  "minecraft:recipes/building_blocks/polished_andesite_stairs_from_polished_andesite_stonecutting": {
    "criteria": {
      "has_polished_andesite": "2024-07-03 21:14:10 +0000"
    },
    "done": true
  },
  "minecraft:recipes/building_blocks/polished_andesite_slab": {
    "criteria": {
      "has_polished_andesite": "2024-07-03 21:14:10 +0000"
    },
    "done": true
  },
  "minecraft:recipes/building_blocks/polished_andesite_stairs": {
    "criteria": {
      "has_polished_andesite": "2024-07-03 21:14:10 +0000"
    },
    "done": true
  },
  "minecraft:recipes/building_blocks/polished_andesite_slab_from_polished_andesite_stonecutting": {
    "criteria": {
      "has_polished_andesite": "2024-07-03 21:14:10 +0000"
    },
    "done": true
  },
  "minecraft:recipes/misc/light_blue_cushion_from_light_blue_dye": {
    "criteria": {
      "has_light_blue_cushion": "2024-07-03 21:15:17 +0000"
    },
    "done": true
  },
  "minecraft:recipes/misc/magenta_cushion_from_magenta_dye": {
    "criteria": {
      "has_magenta_cushion": "2024-07-03 21:15:17 +0000"
    },
    "done": true
  },
  "minecraft:recipes/misc/purple_cushion_from_purple_dye": {
    "criteria": {
      "has_purple_cushion": "2024-07-03 21:15:17 +0000"
    },
    "done": true
  },
  "minecraft:recipes/misc/green_cushion_from_green_dye": {
    "criteria": {
      "has_green_cushion": "2024-07-03 21:15:17 +0000"
    },
    "done": true
  },
  "minecraft:recipes/misc/yellow_cushion_from_yellow_dye": {
    "criteria": {
      "has_yellow_cushion": "2024-07-03 21:15:17 +0000"
    },
    "done": true
  },
  "minecraft:recipes/misc/pink_cushion_from_pink_dye": {
    "criteria": {
      "has_pink_cushion": "2024-07-03 21:15:17 +0000"
    },
    "done": true
  },
  "minecraft:recipes/misc/blue_cushion_from_blue_dye": {
    "criteria": {
      "has_blue_cushion": "2024-07-03 21:15:17 +0000"
    },
    "done": true
  },
  "minecraft:recipes/misc/orange_cushion_from_orange_dye": {
    "criteria": {
      "has_orange_cushion": "2024-07-03 21:15:17 +0000"
    },
    "done": true
  },
  "minecraft:recipes/misc/cyan_cushion_from_cyan_dye": {
    "criteria": {
      "has_cyan_cushion": "2024-07-03 21:15:17 +0000"
    },
    "done": true
  },
  "minecraft:recipes/misc/brown_cushion_from_brown_dye": {
    "criteria": {
      "has_brown_cushion": "2024-07-03 21:15:17 +0000"
    },
    "done": true
  },
  "minecraft:recipes/misc/red_cushion_from_red_dye": {
    "criteria": {
      "has_red_cushion": "2024-07-03 21:15:17 +0000"
    },
    "done": true
  },
  "minecraft:recipes/misc/gray_cushion_from_gray_dye": {
    "criteria": {
      "has_gray_cushion": "2024-07-03 21:15:17 +0000"
    },
    "done": true
  },
  "minecraft:recipes/misc/white_cushion_from_white_dye": {
    "criteria": {
      "has_white_cushion": "2024-07-03 21:15:17 +0000"
    },
    "done": true
  },
  "minecraft:recipes/misc/black_cushion_from_black_dye": {
    "criteria": {
      "has_black_cushion": "2024-07-03 21:15:17 +0000"
    },
    "done": true
  },
  "minecraft:recipes/misc/lime_cushion_from_lime_dye": {
    "criteria": {
      "has_lime_cushion": "2024-07-03 21:15:17 +0000"
    },
    "done": true
  },
  "minecraft:recipes/misc/light_gray_cushion_from_light_gray_dye": {
    "criteria": {
      "has_light_gray_cushion": "2024-07-03 21:15:17 +0000"
    },
    "done": true
  },
  "bountifulfares:recipes/food/maize_stuffed_potato": {
    "criteria": {
      "has_baked_potato": "2024-07-03 21:17:48 +0000"
    },
    "done": true
  },
  "bountifulfares:recipes/food/berry_stuffed_potato": {
    "criteria": {
      "has_baked_potato": "2024-07-03 21:17:48 +0000"
    },
    "done": true
  },
  "bountifulfares:place_all_baked_goods": {
    "criteria": {
      "cocoa_cake": "2024-07-03 21:18:22 +0000",
      "sweet_berry_tart": "2024-07-03 21:18:05 +0000"
    },
    "done": false
  },
  "bountifulfares:recipes/food/orange": {
    "criteria": {
      "has_orange_block": "2024-07-03 21:18:11 +0000"
    },
    "done": true
  },
  "bountifulfares:recipes/food/hoary_apple": {
    "criteria": {
      "has_hoary_apple_block": "2024-07-03 21:18:36 +0000"
    },
    "done": true
  },
  "handcrafted:recipes/misc/fancy_painting": {
    "criteria": {
      "has_fancy_painting": "2024-07-03 21:19:03 +0000"
    },
    "done": true
  },
  "minecraft:recipes/decorations/oak_hanging_sign": {
    "criteria": {
      "has_stripped_logs": "2024-07-03 21:21:53 +0000"
    },
    "done": true
  },
  "minecraft:recipes/building_blocks/stripped_oak_wood": {
    "criteria": {
      "has_log": "2024-07-03 21:21:53 +0000"
    },
    "done": true
  },
  "betterarcheology:recipes/recipe_villager_fossil_from_head": {
    "criteria": {
      "has_the_recipe": "2024-07-03 21:24:42 +0000"
    },
    "done": true
  },
  "betterarcheology:all_fossils_found": {
    "criteria": {
      "betterarcheology:villager_fossil_head": "2024-07-03 21:24:47 +0000",
      "betterarcheology:creeper_fossil_head": "2024-07-03 21:25:16 +0000",
      "betterarcheology:chicken_fossil_body": "2024-07-03 21:25:34 +0000",
      "betterarcheology:villager_fossil_body": "2024-07-03 21:24:42 +0000"
    },
    "done": false
  },
  "betterarcheology:fossil_found": {
    "criteria": {
      "betterarcheology:fossil_found": "2024-07-03 21:24:42 +0000"
    },
    "done": true
  },
  "betterarcheology:recipes/recipe_villager_fossil_from_body": {
    "criteria": {
      "has_item": "2024-07-03 21:24:42 +0000"
    },
    "done": true
  },
  "betterarcheology:recipes/recipe_creeper_fossil_from_body": {
    "criteria": {
      "has_the_recipe": "2024-07-03 21:25:16 +0000"
    },
    "done": true
  },
  "betterarcheology:recipes/recipe_creeper_fossil_from_head": {
    "criteria": {
      "has_item": "2024-07-03 21:25:16 +0000"
    },
    "done": true
  },
  "betterarcheology:recipes/recipe_chicken_fossil_from_head": {
    "criteria": {
      "has_the_recipe": "2024-07-03 21:25:34 +0000"
    },
    "done": true
  },
  "betterarcheology:recipes/recipe_chicken_fossil_from_body": {
    "criteria": {
      "has_item": "2024-07-03 21:25:34 +0000"
    },
    "done": true
  },
  "minecraft:recipes/misc/blue_sheet_from_blue_dye": {
    "criteria": {
      "has_blue_sheet": "2024-07-03 21:32:49 +0000"
    },
    "done": true
  },
  "minecraft:recipes/misc/light_blue_sheet_from_light_blue_dye": {
    "criteria": {
      "has_light_blue_sheet": "2024-07-03 21:32:49 +0000"
    },
    "done": true
  },
  "minecraft:recipes/misc/magenta_sheet_from_magenta_dye": {
    "criteria": {
      "has_magenta_sheet": "2024-07-03 21:32:49 +0000"
    },
    "done": true
  },
  "minecraft:recipes/misc/pink_sheet_from_pink_dye": {
    "criteria": {
      "has_pink_sheet": "2024-07-03 21:32:49 +0000"
    },
    "done": true
  },
  "minecraft:recipes/misc/orange_sheet_from_orange_dye": {
    "criteria": {
      "has_orange_sheet": "2024-07-03 21:32:49 +0000"
    },
    "done": true
  },
  "minecraft:recipes/misc/lime_sheet_from_lime_dye": {
    "criteria": {
      "has_lime_sheet": "2024-07-03 21:32:49 +0000"
    },
    "done": true
  },
  "minecraft:recipes/misc/purple_sheet_from_purple_dye": {
    "criteria": {
      "has_purple_sheet": "2024-07-03 21:32:49 +0000"
    },
    "done": true
  },
  "minecraft:recipes/misc/green_sheet_from_green_dye": {
    "criteria": {
      "has_green_sheet": "2024-07-03 21:32:49 +0000"
    },
    "done": true
  },
  "minecraft:recipes/misc/cyan_sheet_from_cyan_dye": {
    "criteria": {
      "has_cyan_sheet": "2024-07-03 21:32:49 +0000"
    },
    "done": true
  },
  "minecraft:recipes/misc/light_gray_sheet_from_light_gray_dye": {
    "criteria": {
      "has_light_gray_sheet": "2024-07-03 21:32:49 +0000"
    },
    "done": true
  },
  "minecraft:recipes/misc/red_sheet_from_red_dye": {
    "criteria": {
      "has_red_sheet": "2024-07-03 21:32:49 +0000"
    },
    "done": true
  },
  "minecraft:recipes/misc/white_sheet_from_white_dye": {
    "criteria": {
      "has_white_sheet": "2024-07-03 21:32:49 +0000"
    },
    "done": true
  },
  "minecraft:recipes/misc/yellow_sheet_from_yellow_dye": {
    "criteria": {
      "has_yellow_sheet": "2024-07-03 21:32:49 +0000"
    },
    "done": true
  },
  "minecraft:recipes/misc/brown_sheet_from_brown_dye": {
    "criteria": {
      "has_brown_sheet": "2024-07-03 21:32:49 +0000"
    },
    "done": true
  },
  "minecraft:recipes/misc/gray_sheet_from_gray_dye": {
    "criteria": {
      "has_gray_sheet": "2024-07-03 21:32:49 +0000"
    },
    "done": true
  },
  "minecraft:recipes/misc/black_sheet_from_black_dye": {
    "criteria": {
      "has_black_sheet": "2024-07-03 21:32:49 +0000"
    },
    "done": true
  },
  "DataVersion": 3465
}